,index,PLOTCODE,CX,CY,year,ba_ha,indexField
0,0,1164,236011,4205274.0,2019,6.669486056,1
1,1,1165,246011,4205274.0,2014,2.866404694,2
2,2,1166,256011,4205274.0,2016,2.431983333,3
3,3,1167,266011,4205274.0,2015,9.445488778,4
4,4,1168,276011,4205274.0,2014,20.41845456,5
5,5,1169,286011,4205274.0,2020,37.49806314,6
6,6,1170,296011,4205274.0,2019,21.23824847,7
7,7,1171,306011,4205274.0,2019,29.73142294,8
8,8,1172,316011,4205274.0,2020,22.69333467,9
9,9,1173,326011,4205274.0,2015,12.73784167,10
10,10,1174,336011,4205274.0,2020,2.708372222,11
11,11,1175,346011,4205274.0,2020,6.845673583,12
12,12,1176,356011,4205274.0,2020,9.344373,13
13,13,1177,366011,4205274.0,2019,17.95048767,14
14,14,1178,376011,4205274.0,2018,7.558686667,15
15,15,1179,386011,4205274.0,2018,11.2377008294038,16
16,16,1180,396011,4205274.0,2017,10.1749862205597,17
17,17,1181,406011,4205274.0,2016,20.4874349941984,18
18,18,1182,416011,4205274.0,2014,14.9165401747418,19
19,19,1183,426011,4205274.0,2019,15.6270399838579,20
20,20,1184,436011,4205274.0,2014,12.6061506808376,21
21,21,1185,446011,4205274.0,2019,23.4570811943663,22
22,22,1186,456011,4205274.0,2015,5.12613924299519,23
23,23,1187,466011,4205274.0,2014,17.3180189586223,24
24,24,1188,476011,4205274.0,2020,17.6287710242939,25
25,25,1189,486011,4205274.0,2014,13.5644694241017,26
26,26,1190,496011,4205274.0,2019,8.00002521412519,27
27,27,1191,506011,4205274.0,2016,21.1001021128634,28
28,28,1192,516011,4205274.0,2014,10.5915047829521,29
29,29,1193,526011,4205274.0,2022,6.21001376434909,30
30,30,1194,536011,4205274.0,2019,7.79362722430336,31
31,31,1195,546011,4205274.0,2021,15.2940407348982,32
32,32,1196,556011,4205274.0,2021,20.826919253269,33
33,33,1197,566011,4205274.0,2017,16.801259097814,34
34,34,1198,576011,4205274.0,2017,16.0670316887026,35
35,35,1199,586011,4205274.0,2020,4.46926286050301,36
36,36,1200,596011,4205274.0,2021,14.1835299321114,37
37,37,1201,606011,4205274.0,2021,19.0992680323266,38
38,38,1202,616011,4205274.0,2021,6.78657751631797,39
39,39,1203,626011,4205274.0,2019,12.9971261216021,40
40,40,1204,636011,4205274.0,2022,14.1597256856286,41
41,41,1205,236011,4215274.0,2015,21.7479489178131,42
42,42,1206,246011,4215274.0,2017,15.8194801135718,43
43,43,1207,256011,4215274.0,2016,7.8764254787623,44
44,44,1208,266011,4215274.0,2017,19.7033801327064,45
45,45,1209,276011,4215274.0,2016,7.51730110824776,46
46,46,1210,286011,4215274.0,2017,16.7589704861185,47
47,47,1211,296011,4215274.0,2017,15.0040195846454,48
48,48,1212,306011,4215274.0,2017,4.46238713715618,49
49,49,1213,316011,4215274.0,2017,14.1240551734115,50
50,50,1214,326011,4215274.0,2018,10.6006843702389,51
51,51,1215,336011,4215274.0,2022,6.38091700332834,52
52,52,1216,346011,4215274.0,2017,8.33977263738764,53
53,53,1217,356011,4215274.0,2019,16.5720023481534,54
54,54,1218,366011,4215274.0,2016,7.04214018946393,55
55,55,1219,376011,4215274.0,2014,21.7291535070085,56
56,56,1220,386011,4215274.0,2021,4.59123066670018,57
57,57,1221,396011,4215274.0,2022,11.3816590713264,58
58,58,1222,406011,4215274.0,2014,19.8128373177805,59
59,59,1223,416011,4215274.0,2019,20.0482855622143,60
60,60,1224,426011,4215274.0,2020,6.41341640594599,61
61,61,1225,436011,4215274.0,2015,14.1759133803848,62
62,62,1226,446011,4215274.0,2016,20.0816672663544,63
63,63,1227,456011,4215274.0,2022,16.1603784598937,64
64,64,1228,466011,4215274.0,2014,15.6747494189741,65
65,65,1229,476011,4215274.0,2015,22.1711464580835,66
66,66,1230,486011,4215274.0,2014,4.7896262347941,67
67,67,1231,496011,4215274.0,2021,6.82031464767383,68
68,68,1232,506011,4215274.0,2020,11.0720129585834,69
69,69,1233,516011,4215274.0,2017,11.9324011816417,70
70,70,1234,526011,4215274.0,2020,16.8238553981652,71
71,71,1235,536011,4215274.0,2020,9.72912935063312,72
72,72,1236,546011,4215274.0,2015,22.8449206507472,73
73,73,1237,556011,4215274.0,2021,23.6606783789486,74
74,74,1238,566011,4215274.0,2014,9.77534798485102,75
75,75,1239,576011,4215274.0,2015,12.2601025460176,76
76,76,1240,586011,4215274.0,2020,4.16184367982564,77
77,77,1241,596011,4215274.0,2020,12.0933641143271,78
78,78,1242,606011,4215274.0,2018,18.0579739714385,79
79,79,1243,616011,4215274.0,2018,22.3669022683763,80
80,80,1244,626011,4215274.0,2016,15.2627390240902,81
81,81,1245,636011,4215274.0,2014,5.30375752414974,82
82,82,1246,236011,4225274.0,2020,16.0632508875142,83
83,83,1247,246011,4225274.0,2019,12.4395471001042,84
84,84,1248,256011,4225274.0,2014,11.8901807644699,85
85,85,1249,266011,4225274.0,2016,18.5924951654543,86
86,86,1250,276011,4225274.0,2018,8.41302252660859,87
87,87,1251,286011,4225274.0,2021,20.4755964494877,88
88,88,1252,296011,4225274.0,2018,18.7637037553985,89
89,89,1253,306011,4225274.0,2014,18.0116892675071,90
90,90,1254,316011,4225274.0,2022,19.7212353350698,91
91,91,1255,326011,4225274.0,2015,23.5192255608538,92
92,92,1256,336011,4225274.0,2017,6.2095484882025,93
93,93,1257,346011,4225274.0,2015,10.7210690070739,94
94,94,1258,356011,4225274.0,2022,18.7881124148617,95
95,95,1259,366011,4225274.0,2017,21.5302113645042,96
96,96,1260,376011,4225274.0,2021,8.48640008679443,97
97,97,1261,386011,4225274.0,2019,17.817993189304,98
98,98,1262,396011,4225274.0,2022,18.5391998146127,99
99,99,1263,406011,4225274.0,2020,23.6424584383399,100
100,100,1264,416011,4225274.0,2017,4.95065833682311,101
101,101,1265,426011,4225274.0,2016,17.95801287634,102
102,102,1266,436011,4225274.0,2019,20.4762380428166,103
103,103,1267,446011,4225274.0,2018,21.9071785367166,104
104,104,1268,456011,4225274.0,2020,16.3468337540959,105
105,105,1269,466011,4225274.0,2019,17.908361925352,106
106,106,1270,476011,4225274.0,2022,8.99540360282863,107
107,107,1271,486011,4225274.0,2022,10.5059352506457,108
108,108,1272,496011,4225274.0,2019,18.8359910558465,109
109,109,1273,506011,4225274.0,2019,7.04692901080869,110
110,110,1274,516011,4225274.0,2020,9.77681689215616,111
111,111,1275,526011,4225274.0,2016,22.8681247180413,112
112,112,1276,536011,4225274.0,2022,13.9021309424769,113
113,113,1277,546011,4225274.0,2018,18.2808158830186,114
114,114,1278,556011,4225274.0,2022,13.2396227300603,115
115,115,1279,566011,4225274.0,2016,22.2358467978279,116
116,116,1280,576011,4225274.0,2019,22.5842037848304,117
117,117,1281,586011,4225274.0,2021,16.5404126287705,118
118,118,1282,596011,4225274.0,2016,9.8466510530439,119
119,119,1283,606011,4225274.0,2017,12.7525680423455,120
120,120,1284,616011,4225274.0,2017,19.1787613671222,121
121,121,1285,626011,4225274.0,2019,13.5623290460982,122
122,122,1286,636011,4225274.0,2021,5.85417258691177,123
123,123,1287,236011,4235274.0,2019,15.8546362687832,124
124,124,1288,246011,4235274.0,2018,14.9768006311106,125
125,125,1289,256011,4235274.0,2016,23.656720310443,126
126,126,1290,266011,4235274.0,2022,5.64817684360131,127
127,127,1291,276011,4235274.0,2014,23.4573879809554,128
128,128,1292,286011,4235274.0,2017,18.410756711995,129
129,129,1293,296011,4235274.0,2015,23.5643004293486,130
130,130,1294,306011,4235274.0,2016,21.9340882978865,131
131,131,1295,316011,4235274.0,2020,13.2505671886609,132
132,132,1296,326011,4235274.0,2016,23.1323140586963,133
133,133,1297,336011,4235274.0,2022,10.6213901798632,134
134,134,1298,346011,4235274.0,2018,7.43068392095928,135
135,135,1299,356011,4235274.0,2022,21.3624248967945,136
136,136,1300,366011,4235274.0,2019,7.34641722119048,137
137,137,1301,376011,4235274.0,2021,10.2096665027004,138
138,138,1302,386011,4235274.0,2022,18.4004017331921,139
139,139,1303,396011,4235274.0,2020,4.15675077229116,140
140,140,1304,406011,4235274.0,2015,4.93217014873344,141
141,141,1305,416011,4235274.0,2022,9.95909659410432,142
142,142,1306,426011,4235274.0,2014,13.2359971947728,143
143,143,1307,436011,4235274.0,2017,9.7625169092792,144
144,144,1308,446011,4235274.0,2017,19.5326169856823,145
145,145,1309,456011,4235274.0,2016,13.6866188945806,146
146,146,1310,466011,4235274.0,2017,16.3193490933623,147
147,147,1311,476011,4235274.0,2019,12.6730204746429,148
148,148,1312,486011,4235274.0,2022,5.1832446367577,149
149,149,1313,496011,4235274.0,2021,12.9392797735506,150
150,150,1314,506011,4235274.0,2016,16.1335300887538,151
151,151,1315,516011,4235274.0,2019,8.79807351633237,152
152,152,1316,526011,4235274.0,2020,21.053266781195,153
153,153,1317,536011,4235274.0,2017,7.35869019998149,154
154,154,1318,546011,4235274.0,2016,17.9641775861334,155
155,155,1319,556011,4235274.0,2021,13.9009707839747,156
156,156,1320,566011,4235274.0,2019,19.2482103732905,157
157,157,1321,576011,4235274.0,2022,21.0674809488177,158
158,158,1322,586011,4235274.0,2021,15.6927861408812,159
159,159,1323,596011,4235274.0,2016,4.39763221185653,160
160,160,1324,606011,4235274.0,2020,17.7980971317269,161
161,161,1325,616011,4235274.0,2017,16.0140871348156,162
162,162,1326,626011,4235274.0,2017,11.0230565665234,163
163,163,1327,636011,4235274.0,2020,22.6806814117649,164
164,164,1328,236011,4245274.0,2019,13.5740106366339,165
165,165,1329,246011,4245274.0,2017,13.004522948799,166
166,166,1330,256011,4245274.0,2020,14.0461638597436,167
167,167,1331,266011,4245274.0,2021,6.31549794137606,168
168,168,1332,276011,4245274.0,2015,17.2273257405886,169
169,169,1333,286011,4245274.0,2015,7.92563208479374,170
170,170,1334,296011,4245274.0,2015,15.4103825071352,171
171,171,1335,306011,4245274.0,2015,5.69508404685197,172
172,172,1336,316011,4245274.0,2019,17.3462444906616,173
173,173,1337,326011,4245274.0,2014,19.6426642651471,174
174,174,1338,336011,4245274.0,2015,19.5944123631869,175
175,175,1339,346011,4245274.0,2019,11.2213239700495,176
176,176,1340,356011,4245274.0,2019,18.5714274497608,177
177,177,1341,366011,4245274.0,2019,8.02020575205325,178
178,178,1342,376011,4245274.0,2019,19.0142816518049,179
179,179,1343,386011,4245274.0,2016,15.4053009434335,180
180,180,1344,396011,4245274.0,2017,18.1846079978565,181
181,181,1345,406011,4245274.0,2022,17.8623487820875,182
182,182,1346,416011,4245274.0,2014,7.72364482861011,183
183,183,1347,426011,4245274.0,2020,22.9958902614521,184
184,184,1348,436011,4245274.0,2018,6.82035200124216,185
185,185,1349,446011,4245274.0,2015,23.5179268927231,186
186,186,1350,456011,4245274.0,2021,13.0061719366289,187
187,187,1351,466011,4245274.0,2015,17.3894775074453,188
188,188,1352,476011,4245274.0,2018,20.8805422459356,189
189,189,1353,486011,4245274.0,2018,5.03788887656232,190
190,190,1354,496011,4245274.0,2021,17.3150242601772,191
191,191,1355,506011,4245274.0,2016,11.6060322185061,192
192,192,1356,516011,4245274.0,2017,17.5084770336593,193
193,193,1357,526011,4245274.0,2017,15.8063757425894,194
194,194,1358,536011,4245274.0,2020,23.7695561401501,195
195,195,1359,546011,4245274.0,2017,17.3710731749486,196
196,196,1360,556011,4245274.0,2019,21.7240300291959,197
197,197,1361,566011,4245274.0,2017,6.72063799315078,198
198,198,1362,576011,4245274.0,2018,23.6449004297364,199
199,199,1363,586011,4245274.0,2014,23.8995918994847,200
200,200,1364,596011,4245274.0,2021,20.2136619201873,201
201,201,1365,606011,4245274.0,2017,9.9577374436868,202
202,202,1366,616011,4245274.0,2017,22.9788868730052,203
203,203,1367,626011,4245274.0,2020,22.0980446349721,204
204,204,1368,636011,4245274.0,2020,12.0126728560226,205
205,205,1369,236011,4255274.0,2022,12.8351563768065,206
206,206,1370,246011,4255274.0,2018,10.748641016102,207
207,207,1371,256011,4255274.0,2021,19.8201063556751,208
208,208,1372,266011,4255274.0,2019,12.7242481326407,209
209,209,1373,276011,4255274.0,2014,18.2875027840017,210
210,210,1374,286011,4255274.0,2016,20.6537999053132,211
211,211,1375,296011,4255274.0,2020,16.8045255710876,212
212,212,1376,306011,4255274.0,2019,9.64347386926595,213
213,213,1377,316011,4255274.0,2015,5.68857826880878,214
214,214,1378,326011,4255274.0,2022,20.8224513199927,215
215,215,1379,336011,4255274.0,2015,17.2427412582486,216
216,216,1380,346011,4255274.0,2015,15.717891232777,217
217,217,1381,356011,4255274.0,2021,8.21395033996586,218
218,218,1382,366011,4255274.0,2016,4.47846373858841,219
219,219,1383,376011,4255274.0,2022,16.3812547746619,220
220,220,1384,386011,4255274.0,2017,19.4900203886045,221
221,221,1385,396011,4255274.0,2015,20.1968064681608,222
222,222,1386,406011,4255274.0,2021,8.32327125983398,223
223,223,1387,416011,4255274.0,2022,17.501542307065,224
224,224,1388,426011,4255274.0,2016,19.8138776539005,225
225,225,1389,436011,4255274.0,2017,6.79423543790018,226
226,226,1390,446011,4255274.0,2019,21.9971192392413,227
227,227,1391,456011,4255274.0,2014,7.58445901060897,228
228,228,1392,466011,4255274.0,2017,15.3743386398763,229
229,229,1393,476011,4255274.0,2021,8.90780931288595,230
230,230,1394,486011,4255274.0,2022,4.2550987849326,231
231,231,1395,496011,4255274.0,2018,22.9453199258257,232
232,232,1396,506011,4255274.0,2018,12.3997358703458,233
233,233,1397,516011,4255274.0,2021,23.5619405740684,234
234,234,1398,526011,4255274.0,2021,6.92103116244139,235
235,235,1399,536011,4255274.0,2016,21.929945938181,236
236,236,1400,546011,4255274.0,2018,16.1412539677376,237
237,237,1401,556011,4255274.0,2014,20.427968751729,238
238,238,1402,566011,4255274.0,2020,23.0075276438047,239
239,239,1403,576011,4255274.0,2022,14.8497763078441,240
240,240,1404,586011,4255274.0,2017,23.0051995401071,241
241,241,1405,596011,4255274.0,2014,22.2832870007425,242
242,242,1406,606011,4255274.0,2022,13.0864883177568,243
243,243,1407,616011,4255274.0,2019,18.5566466628834,244
244,244,1408,626011,4255274.0,2022,19.1811888940551,245
245,245,1409,636011,4255274.0,2020,23.8388834741924,246
246,246,1410,236011,4265274.0,2022,6.06472378260456,247
247,247,1411,246011,4275274.0,2016,9.28574452496241,248
248,248,1412,256011,4285274.0,2014,13.1986203028661,249
249,249,1413,266011,4295274.0,2017,4.95156824527901,250
250,250,1414,276011,4305274.0,2015,15.0028766263835,251
251,251,1415,286011,4315274.0,2017,9.73770331823334,252
252,252,1416,296011,4325274.0,2017,8.63509285955085,253
253,253,1417,306011,4335274.0,2020,9.96628589575961,254
254,254,1418,316011,4345274.0,2018,11.2118033898113,255
255,255,1419,326011,4355274.0,2020,14.2531363458733,256
256,256,1420,336011,4365274.0,2014,11.3977030131312,257
257,257,1421,346011,4375274.0,2018,20.6370752153134,258
258,258,1422,356011,4385274.0,2018,11.977135816566,259
259,259,1423,366011,4395274.0,2022,21.5434407826214,260
260,260,1424,376011,4405274.0,2019,23.2587267260555,261
261,261,1425,386011,4415274.0,2019,12.3760506915682,262
262,262,1426,396011,4425274.0,2020,23.9482066839916,263
263,263,1427,406011,4435274.0,2022,11.729517996942,264
264,264,1428,416011,4445274.0,2020,8.28343951386011,265
265,265,1429,426011,4455274.0,2019,14.8415677607168,266
266,266,1430,436011,4465274.0,2019,4.67972962052354,267
267,267,1431,446011,4475274.0,2015,11.3384458473093,268
268,268,1432,456011,4485274.0,2020,11.6409417250317,269
269,269,1433,466011,4495274.0,2015,21.3340995716511,270
270,270,1434,476011,4505274.0,2019,16.9642938881203,271
271,271,1435,486011,4515274.0,2017,18.3080387810002,272
272,272,1436,496011,4525274.0,2014,20.4694503313717,273
273,287,1451,236011,4535274.0,2021,13.9711059651636,274
274,288,1452,246011,4535274.0,2017,16.262741517862,275
275,289,1453,256011,4535274.0,2014,12.3064373611099,276
276,290,1454,266011,4535274.0,2014,13.1186679507115,277
277,291,1455,276011,4535274.0,2016,19.620212513485,278
278,292,1456,286011,4535274.0,2020,14.9810278946597,279
279,293,1457,296011,4535274.0,2022,22.9437808169658,280
280,294,1458,306011,4535274.0,2022,23.7108131452095,281
281,295,1459,316011,4535274.0,2014,22.436010951269,282
282,296,1460,326011,4535274.0,2015,6.73903619869428,283
283,297,1461,336011,4535274.0,2017,8.49499216379009,284
284,298,1462,346011,4535274.0,2019,18.1962716578076,285
285,299,1463,356011,4535274.0,2016,5.70753638809371,286
286,300,1464,366011,4535274.0,2016,8.39266662526241,287
287,301,1465,376011,4535274.0,2016,16.5118932259928,288
288,302,1466,386011,4535274.0,2019,10.8967565135868,289
289,303,1467,396011,4535274.0,2021,22.0884243257997,290
290,304,1468,406011,4535274.0,2019,8.14964631327236,291
291,305,1469,416011,4535274.0,2014,18.898197622161,292
292,306,1470,426011,4535274.0,2019,18.5565762521198,293
293,307,1471,436011,4535274.0,2017,19.841803616147,294
294,308,1472,446011,4535274.0,2017,8.13680608456638,295
295,309,1473,456011,4535274.0,2020,14.326693793328,296
296,310,1474,466011,4535274.0,2021,4.008956561423,297
297,311,1475,476011,4535274.0,2016,4.59242711438248,298
298,312,1476,486011,4535274.0,2022,8.26488577068811,299
299,313,1477,496011,4535274.0,2014,8.0774754090113,300
300,314,1478,506011,4535274.0,2020,5.91928997592558,301
301,315,1479,516011,4535274.0,2015,5.07493778321369,302
302,316,1480,526011,4535274.0,2020,14.2496924879486,303
303,317,1481,536011,4535274.0,2019,15.982998358733,304
304,318,1482,546011,4535274.0,2021,18.8132965052279,305
305,319,1483,556011,4535274.0,2020,20.81375172003,306
306,320,1484,566011,4535274.0,2021,23.1555782316043,307
307,321,1485,576011,4535274.0,2022,10.4022207950977,308
308,322,1486,586011,4535274.0,2014,12.0137798875204,309
309,323,1487,596011,4535274.0,2014,12.0945117703416,310
310,324,1488,606011,4535274.0,2014,7.62018108391942,311
311,325,1489,616011,4535274.0,2016,6.23507855822096,312
312,326,1490,626011,4535274.0,2021,10.5500460453764,313
313,327,1491,636011,4535274.0,2021,6.81172962186552,314
314,328,1492,236011,4545274.0,2020,22.3282176918613,315
315,329,1493,246011,4545274.0,2015,11.1454179685643,316
316,330,1494,256011,4545274.0,2021,21.7198548806737,317
317,331,1495,266011,4545274.0,2021,19.5586914631522,318
318,332,1496,276011,4545274.0,2021,17.4724273544244,319
319,333,1497,286011,4545274.0,2016,23.6926402164983,320
320,334,1498,296011,4545274.0,2017,12.7077303261783,321
321,335,1499,306011,4545274.0,2019,4.22676603727684,322
322,336,1500,316011,4545274.0,2014,4.91375367883472,323
323,337,1501,326011,4545274.0,2017,8.61370774909821,324
324,338,1502,336011,4545274.0,2022,19.5119352360872,325
325,339,1503,346011,4545274.0,2016,5.11685914726823,326
326,340,1504,356011,4545274.0,2015,16.5751403048548,327
327,341,1505,366011,4545274.0,2015,21.2389045740563,328
328,342,1506,376011,4545274.0,2020,10.7535100029447,329
329,343,1507,386011,4545274.0,2021,19.9724097970553,330
330,344,1508,396011,4545274.0,2015,18.7306620339394,331
331,345,1509,406011,4545274.0,2016,8.2953961361096,332
332,346,1510,416011,4545274.0,2022,15.3435427162947,333
333,347,1511,426011,4545274.0,2020,23.6526074769415,334
334,348,1512,436011,4545274.0,2014,22.2499170150219,335
335,349,1513,446011,4545274.0,2015,7.56854607824952,336
336,350,1514,456011,4545274.0,2020,12.2054129579765,337
337,351,1515,466011,4545274.0,2016,15.2598410020163,338
338,352,1516,476011,4545274.0,2017,22.8807897536956,339
339,353,1517,486011,4545274.0,2021,16.2641782130388,340
340,354,1518,496011,4545274.0,2022,12.6056340395491,341
341,355,1519,506011,4545274.0,2018,18.7997934825982,342
342,356,1520,516011,4545274.0,2022,10.0401912359237,343
343,357,1521,526011,4545274.0,2016,15.9007889407613,344
344,358,1522,536011,4545274.0,2020,17.3686483353063,345
345,359,1523,546011,4545274.0,2017,10.5242945563527,346
346,360,1524,556011,4545274.0,2022,7.6841500557654,347
347,361,1525,566011,4545274.0,2020,20.4435029256995,348
348,362,1526,576011,4545274.0,2020,20.3087663345785,349
349,363,1527,586011,4545274.0,2015,14.2767080218096,350
350,364,1528,596011,4545274.0,2019,13.1187840423529,351
351,365,1529,606011,4545274.0,2015,14.1869553811875,352
352,366,1530,616011,4545274.0,2021,5.31953053023265,353
353,367,1531,626011,4545274.0,2015,23.2659577933285,354
354,368,1532,636011,4545274.0,2017,18.6389026123484,355
355,369,1533,236011,4555274.0,2020,6.46498585417861,356
356,370,1534,246011,4555274.0,2019,20.193982791858,357
357,371,1535,256011,4555274.0,2019,5.29693565408146,358
358,372,1536,266011,4555274.0,2021,7.51636028541343,359
359,373,1537,276011,4555274.0,2021,20.0842641357338,360
360,374,1538,286011,4555274.0,2019,15.2068047511491,361
361,375,1539,296011,4555274.0,2020,12.8677535444984,362
362,376,1540,306011,4555274.0,2015,4.02349023069525,363
363,377,1541,316011,4555274.0,2021,7.66541189185495,364
364,378,1542,326011,4555274.0,2015,4.03470915742451,365
365,379,1543,336011,4555274.0,2020,8.67658369727199,366
366,380,1544,346011,4555274.0,2018,18.2143441096179,367
367,381,1545,356011,4555274.0,2020,4.24220891603408,368
368,382,1546,366011,4555274.0,2016,4.38150221531178,369
369,383,1547,376011,4555274.0,2022,8.02903654999258,370
370,384,1548,386011,4555274.0,2018,22.5854814353145,371
371,385,1549,396011,4555274.0,2020,9.31410714347873,372
372,386,1550,406011,4555274.0,2014,14.3107806866886,373
373,387,1551,416011,4555274.0,2021,20.3307575499547,374
374,388,1552,426011,4555274.0,2014,4.80518305365869,375
375,389,1553,436011,4555274.0,2019,21.204685930146,376
376,390,1554,446011,4555274.0,2021,23.7660098393848,377
377,391,1555,456011,4555274.0,2021,17.8806934337023,378
378,392,1556,466011,4555274.0,2017,17.2055981108374,379
379,393,1557,476011,4555274.0,2018,22.1618671019046,380
380,394,1558,486011,4555274.0,2018,4.88756669013498,381
381,395,1559,496011,4555274.0,2021,23.1080530551621,382
382,396,1560,506011,4555274.0,2014,19.1606133907783,383
383,397,1561,516011,4555274.0,2015,11.2538253660444,384
384,398,1562,526011,4555274.0,2021,11.2106471660087,385
385,399,1563,536011,4555274.0,2021,11.2603503058497,386
386,400,1564,546011,4555274.0,2019,21.6199396025012,387
387,401,1565,556011,4555274.0,2021,10.1131985449208,388
388,402,1566,566011,4555274.0,2014,16.6299826373934,389
389,403,1567,576011,4555274.0,2020,5.4062248561734,390
390,404,1568,586011,4555274.0,2015,15.0169474282237,391
391,405,1569,596011,4555274.0,2018,20.386947317745,392
392,406,1570,606011,4555274.0,2015,15.3486973611305,393
393,407,1571,616011,4555274.0,2016,18.0812459618598,394
394,408,1572,626011,4555274.0,2022,7.4274051262752,395
395,409,1573,636011,4555274.0,2015,16.5903299699822,396
396,410,1574,236011,4565274.0,2021,15.6544102237694,397
397,411,1575,246011,4565274.0,2022,8.09717061634338,398
398,412,1576,256011,4565274.0,2016,21.2131920028046,399
399,413,1577,266011,4565274.0,2020,20.8826157836591,400
400,414,1578,276011,4565274.0,2019,11.3251916086232,401
401,415,1579,286011,4565274.0,2019,15.4129493817699,402
402,416,1580,296011,4565274.0,2021,12.7367546951433,403
403,417,1581,306011,4565274.0,2018,16.1493664545177,404
404,418,1582,316011,4565274.0,2019,20.4299264064302,405
405,419,1583,326011,4565274.0,2022,19.5753075932634,406
406,420,1584,336011,4565274.0,2021,18.1167038666984,407
407,421,1585,346011,4565274.0,2019,19.8229377352587,408
408,422,1586,356011,4565274.0,2017,17.0209809020669,409
409,423,1587,366011,4565274.0,2022,5.01292242772153,410
410,424,1588,376011,4565274.0,2019,7.20815294999989,411
411,425,1589,386011,4565274.0,2014,14.9540696999726,412
412,426,1590,396011,4565274.0,2017,8.13823584028302,413
413,427,1591,406011,4565274.0,2021,11.1904582310315,414
414,428,1592,416011,4565274.0,2015,17.1764985566835,415
415,429,1593,426011,4565274.0,2020,5.51448041270126,416
416,430,1594,436011,4565274.0,2018,7.70964850416228,417
417,431,1595,446011,4565274.0,2020,23.4009083951182,418
418,432,1596,456011,4565274.0,2018,11.0226651335649,419
419,433,1597,466011,4565274.0,2018,4.90900692322872,420
420,434,1598,476011,4565274.0,2014,12.8472553318183,421
421,435,1599,486011,4565274.0,2022,14.331174954621,422
422,436,1600,496011,4565274.0,2019,17.9525398198023,423
423,437,1601,506011,4565274.0,2014,18.3875735985125,424
424,438,1602,516011,4565274.0,2015,22.9203887508084,425
425,439,1603,526011,4565274.0,2014,4.30874250814888,426
426,440,1604,536011,4565274.0,2015,13.4021949941016,427
427,441,1605,546011,4565274.0,2019,18.3530263038342,428
428,442,1606,556011,4565274.0,2014,11.7287274928795,429
429,443,1607,566011,4565274.0,2016,19.2976659514065,430
430,444,1608,576011,4565274.0,2022,18.7809095843941,431
431,445,1609,586011,4565274.0,2022,11.4544001607013,432
432,446,1610,596011,4565274.0,2021,5.48621268662415,433
433,447,1611,606011,4565274.0,2017,7.50248313085213,434
434,448,1612,616011,4565274.0,2020,5.58515231918055,435
435,449,1613,626011,4565274.0,2022,21.6207010769212,436
436,450,1614,636011,4565274.0,2014,9.92982540764181,437
437,451,1615,236011,4575274.0,2018,20.3971110392325,438
438,452,1616,246011,4575274.0,2022,7.45166183225685,439
439,453,1617,256011,4575274.0,2018,22.1970371450175,440
440,454,1618,266011,4575274.0,2017,4.13177175148226,441
441,455,1619,276011,4575274.0,2015,8.72501931160021,442
442,456,1620,286011,4575274.0,2019,19.2500442055648,443
443,457,1621,296011,4575274.0,2021,4.75934458818394,444
444,458,1622,306011,4575274.0,2015,5.17973964052498,445
445,459,1623,316011,4575274.0,2022,12.5312650273112,446
446,460,1624,326011,4575274.0,2017,13.8583628234604,447
447,461,1625,336011,4575274.0,2015,15.8870854558338,448
448,462,1626,346011,4575274.0,2021,12.5030638429343,449
449,463,1627,356011,4575274.0,2017,19.245926483202,450
450,464,1628,366011,4575274.0,2018,17.6298389656549,451
451,465,1629,376011,4575274.0,2020,20.1863368033243,452
452,466,1630,386011,4575274.0,2019,14.2370817749488,453
453,467,1631,396011,4575274.0,2019,6.55054174405722,454
454,468,1632,406011,4575274.0,2020,21.945563050192,455
455,469,1633,416011,4575274.0,2017,4.21479233057105,456
456,470,1634,426011,4575274.0,2021,11.9160596208847,457
457,471,1635,436011,4575274.0,2017,18.6758488679037,458
458,472,1636,446011,4575274.0,2022,12.9003632933794,459
459,473,1637,456011,4575274.0,2022,12.3191135441518,460
460,474,1638,466011,4575274.0,2017,22.0497609186365,461
461,475,1639,476011,4575274.0,2016,19.9427701713487,462
462,476,1640,486011,4575274.0,2016,5.35321409081219,463
463,477,1641,496011,4575274.0,2020,15.2970552574878,464
464,478,1642,506011,4575274.0,2021,15.3561543824906,465
465,479,1643,516011,4575274.0,2021,23.8219331495913,466
466,480,1644,526011,4575274.0,2017,17.3301206741822,467
467,481,1645,536011,4575274.0,2014,23.1036567911525,468
468,482,1646,546011,4575274.0,2015,9.29737791638808,469
469,483,1647,556011,4575274.0,2015,6.74024351648538,470
470,484,1648,566011,4575274.0,2018,15.1012205090382,471
471,485,1649,576011,4575274.0,2016,7.07017463667469,472
472,486,1650,586011,4575274.0,2021,18.2324451649866,473
473,487,1651,596011,4575274.0,2016,4.51429984885206,474
474,488,1652,606011,4575274.0,2019,12.4717018347543,475
475,489,1653,616011,4575274.0,2015,16.6304004789266,476
476,490,1654,626011,4575274.0,2022,18.5787336143481,477
477,491,1655,636011,4575274.0,2022,14.316675430278,478
478,492,1656,236011,4585274.0,2016,4.60463302752584,479
479,493,1657,246011,4585274.0,2018,17.0626572779202,480
480,494,1658,256011,4585274.0,2016,11.2934824652397,481
481,495,1659,266011,4585274.0,2020,14.0029438597795,482
482,496,1660,276011,4585274.0,2019,15.555468801328,483
483,497,1661,286011,4585274.0,2021,22.7005747783279,484
484,498,1662,296011,4585274.0,2019,17.3344081269535,485
485,499,1663,306011,4585274.0,2018,9.8937866212567,486
486,500,1664,316011,4585274.0,2022,7.97666510401784,487
487,501,1665,326011,4585274.0,2019,9.15963647617415,488
488,502,1666,336011,4585274.0,2014,4.91952679270062,489
489,503,1667,346011,4585274.0,2016,6.55466260881435,490
490,504,1668,356011,4585274.0,2017,19.2669001459474,491
491,505,1669,366011,4585274.0,2016,11.1045294940703,492
492,506,1670,376011,4585274.0,2014,17.338394564867,493
493,507,1671,386011,4585274.0,2016,17.9032930989926,494
494,508,1672,396011,4585274.0,2019,10.5487429083261,495
495,509,1673,406011,4585274.0,2020,12.3200058904153,496
496,510,1674,416011,4585274.0,2020,9.93638608944209,497
497,511,1675,426011,4585274.0,2018,22.9989458119398,498
498,512,1676,436011,4585274.0,2016,20.2172146105841,499
499,513,1677,446011,4585274.0,2018,10.1732616745265,500
500,514,1678,456011,4585274.0,2017,5.41868356809225,501
501,515,1679,466011,4585274.0,2020,13.0535389969528,502
502,516,1680,476011,4585274.0,2018,14.5714264226977,503
503,517,1681,486011,4585274.0,2022,13.8801708224982,504
504,518,1682,496011,4585274.0,2018,21.2819464483372,505
505,519,1683,506011,4585274.0,2019,9.28988137347949,506
506,520,1684,516011,4585274.0,2018,6.48840754807132,507
507,521,1685,526011,4585274.0,2015,5.46905445691391,508
508,522,1686,536011,4585274.0,2014,19.180111163795,509
509,523,1687,546011,4585274.0,2021,5.63669835632314,510
510,524,1688,556011,4585274.0,2020,13.7531307392416,511
511,525,1689,566011,4585274.0,2020,15.8738390697806,512
512,526,1690,576011,4585274.0,2018,15.1103535786844,513
513,527,1691,586011,4585274.0,2019,10.7695858751105,514
514,528,1692,596011,4585274.0,2020,8.83664935283403,515
515,529,1693,606011,4585274.0,2018,16.3680791905347,516
516,530,1694,616011,4585274.0,2020,20.1526568232968,517
517,531,1695,626011,4585274.0,2019,22.8380171391865,518
518,532,1696,636011,4585274.0,2021,20.2147942893868,519
519,533,1697,236011,4595274.0,2014,13.280518128287,520
520,534,1698,246011,4595274.0,2022,18.7577364275833,521
521,535,1699,256011,4595274.0,2015,22.1122524658872,522
522,536,1700,266011,4595274.0,2018,20.809974244389,523
523,537,1701,276011,4595274.0,2015,4.12343971203046,524
524,538,1702,286011,4595274.0,2018,5.47976251930317,525
525,539,1703,296011,4595274.0,2020,7.5937820044225,526
526,540,1704,306011,4595274.0,2014,15.8445777508135,527
527,541,1705,316011,4595274.0,2018,20.4992660009523,528
528,542,1706,326011,4595274.0,2015,5.2685957204546,529
529,543,1707,336011,4595274.0,2018,13.674291399758,530
530,544,1708,346011,4595274.0,2021,17.0132921123429,531
531,545,1709,356011,4595274.0,2020,17.7972812373691,532
532,546,1710,366011,4595274.0,2022,4.81232852733283,533
533,547,1711,376011,4595274.0,2015,10.4922527740096,534
534,548,1712,386011,4595274.0,2021,11.4644240708568,535
535,549,1713,396011,4595274.0,2022,20.3014764026952,536
536,550,1714,406011,4595274.0,2016,19.4555972065712,537
537,551,1715,416011,4595274.0,2022,11.8192541796824,538
538,552,1716,426011,4595274.0,2018,15.7570092430895,539
539,553,1717,436011,4595274.0,2021,4.3635352071364,540
540,554,1718,446011,4595274.0,2018,7.57667536507739,541
541,555,1719,456011,4595274.0,2014,16.1000011269806,542
542,556,1720,466011,4595274.0,2022,19.5806203509938,543
543,557,1721,476011,4595274.0,2014,23.1714942758618,544
544,558,1722,486011,4595274.0,2022,11.7932289462639,545
545,559,1723,496011,4595274.0,2016,12.27429842421,546
546,560,1724,506011,4595274.0,2014,15.1167862428957,547
547,561,1725,516011,4595274.0,2022,21.6261121285291,548
548,562,1726,526011,4595274.0,2020,11.2457884898951,549
549,563,1727,536011,4595274.0,2016,21.8742991328484,550
550,564,1728,546011,4595274.0,2021,4.27932123402602,551
551,565,1729,556011,4595274.0,2014,7.89756531565675,552
552,566,1730,566011,4595274.0,2022,17.0276431650505,553
553,567,1731,576011,4595274.0,2016,10.524215994243,554
554,568,1732,586011,4595274.0,2019,15.4262322992448,555
555,569,1733,596011,4595274.0,2021,10.8295672395854,556
556,570,1734,606011,4595274.0,2021,8.36331008116949,557
557,571,1735,616011,4595274.0,2014,17.9504034189032,558
558,572,1736,626011,4595274.0,2017,18.7733817158201,559
559,573,1737,636011,4595274.0,2015,19.9637745615983,560
560,574,1738,236011,4605274.0,2016,8.58744570560701,561
561,575,1739,246011,4605274.0,2021,9.04991329091537,562
562,576,1740,256011,4605274.0,2018,20.506587859966,563
563,577,1741,266011,4605274.0,2016,21.4109821148489,564
564,578,1742,276011,4605274.0,2019,11.6794872098271,565
565,579,1743,286011,4605274.0,2021,4.98719393931906,566
566,580,1744,296011,4605274.0,2014,21.2794761661876,567
567,581,1745,306011,4605274.0,2021,8.14466026099446,568
568,582,1746,316011,4605274.0,2019,16.0331527194406,569
569,583,1747,326011,4605274.0,2021,23.9723037626214,570
570,584,1748,336011,4605274.0,2015,14.5072231588585,571
571,585,1749,346011,4605274.0,2021,15.6466730081495,572
572,586,1750,356011,4605274.0,2018,16.8773098445128,573
573,587,1751,366011,4605274.0,2020,11.400882065548,574
574,588,1752,376011,4605274.0,2019,9.33295465689255,575
575,589,1753,386011,4605274.0,2021,20.7569845360106,576
576,590,1754,396011,4605274.0,2021,14.8935516818841,577
577,591,1755,406011,4605274.0,2017,6.55066714168166,578
578,592,1756,416011,4605274.0,2017,6.80929375618759,579
579,593,1757,426011,4605274.0,2015,6.65223439700994,580
580,594,1758,436011,4605274.0,2015,11.2766567017869,581
581,595,1759,446011,4605274.0,2018,15.8188798593014,582
582,596,1760,456011,4605274.0,2020,14.9650380482305,583
583,597,1761,466011,4605274.0,2014,23.1119340568313,584
584,598,1762,476011,4605274.0,2020,9.94829936763821,585
585,599,1763,486011,4605274.0,2015,22.55338449491,586
586,600,1764,496011,4605274.0,2016,4.15790595841278,587
587,601,1765,506011,4605274.0,2019,10.5528708247714,588
588,602,1766,516011,4605274.0,2021,20.9384102461788,589
589,603,1767,526011,4605274.0,2019,5.87799888405655,590
590,604,1768,536011,4605274.0,2020,21.666078216318,591
591,605,1769,546011,4605274.0,2014,19.5070462518133,592
592,606,1770,556011,4605274.0,2018,15.6912610041352,593
593,607,1771,566011,4605274.0,2018,6.77892282369196,594
594,608,1772,576011,4605274.0,2018,6.43746329789681,595
595,609,1773,586011,4605274.0,2020,22.9457079036716,596
596,610,1774,596011,4605274.0,2015,4.63555531551331,597
597,611,1775,606011,4605274.0,2018,8.46197826359278,598
598,612,1776,616011,4605274.0,2015,5.88082240206687,599
599,613,1777,626011,4605274.0,2020,22.3559295247269,600
600,614,1778,636011,4605274.0,2022,9.34321918712052,601
601,615,1779,236011,4615274.0,2019,21.7743200815757,602
602,616,1780,246011,4615274.0,2021,23.5969168692689,603
603,617,1781,256011,4615274.0,2016,13.3280926562137,604
604,618,1782,266011,4615274.0,2015,10.5535092008217,605
605,619,1783,276011,4615274.0,2017,4.35669374003903,606
606,620,1784,286011,4615274.0,2014,21.1844145128408,607
607,621,1785,296011,4615274.0,2014,15.2542274941492,608
608,622,1786,306011,4615274.0,2015,19.8209027276256,609
609,623,1787,316011,4615274.0,2019,8.8100716423939,610
610,624,1788,326011,4615274.0,2018,10.9236227111938,611
611,625,1789,336011,4615274.0,2016,22.8680374260846,612
612,626,1790,346011,4615274.0,2019,13.646426629335,613
613,627,1791,356011,4615274.0,2014,18.1285293933416,614
614,628,1792,366011,4615274.0,2016,18.7467775557219,615
615,629,1793,376011,4615274.0,2016,4.94400446982229,616
616,630,1794,386011,4615274.0,2016,4.18481799430315,617
617,631,1795,396011,4615274.0,2016,20.0010385335366,618
618,632,1796,406011,4615274.0,2020,20.051176643659,619
619,633,1797,416011,4615274.0,2019,23.0288277372146,620
620,634,1798,426011,4615274.0,2019,23.255156446624,621
621,635,1799,436011,4615274.0,2016,5.09301752035211,622
622,636,1800,446011,4615274.0,2018,20.6834505417228,623
623,637,1801,456011,4615274.0,2018,5.16897824743147,624
624,638,1802,466011,4615274.0,2020,16.0426007043923,625
625,639,1803,476011,4615274.0,2019,5.61270765089341,626
626,640,1804,486011,4615274.0,2022,5.44679897424752,627
627,641,1805,496011,4615274.0,2015,17.0566024085007,628
628,642,1806,506011,4615274.0,2017,8.76580570492012,629
629,643,1807,516011,4615274.0,2018,22.0166168963027,630
630,644,1808,526011,4615274.0,2016,23.7811032451934,631
631,645,1809,536011,4615274.0,2018,6.90104096973024,632
632,646,1810,546011,4615274.0,2014,17.8976853864048,633
633,647,1811,556011,4615274.0,2019,11.6001111526288,634
634,648,1812,566011,4615274.0,2022,11.8129585742875,635
635,649,1813,576011,4615274.0,2017,19.4178399474915,636
636,650,1814,586011,4615274.0,2021,5.70945044958766,637
637,651,1815,596011,4615274.0,2022,5.39755089778615,638
638,652,1816,606011,4615274.0,2016,4.00322142569652,639
639,653,1817,616011,4615274.0,2016,22.267280160654,640
640,654,1818,626011,4615274.0,2021,20.6845708124408,641
641,655,1819,636011,4615274.0,2018,21.5368023145076,642
642,656,1820,236011,4625274.0,2022,13.3137106166073,643
643,657,1821,246011,4625274.0,2019,17.5310998389609,644
644,658,1822,256011,4625274.0,2021,13.1719697986112,645
645,659,1823,266011,4625274.0,2021,4.12528901768482,646
646,660,1824,276011,4625274.0,2022,15.4157405417574,647
647,661,1825,286011,4625274.0,2020,7.91042767607128,648
648,662,1826,296011,4625274.0,2018,8.97654651093069,649
649,663,1827,306011,4625274.0,2016,16.2566907142009,650
650,664,1828,316011,4625274.0,2017,23.6182985850639,651
651,665,1829,326011,4625274.0,2017,22.6003464888959,652
652,666,1830,336011,4625274.0,2017,15.8109296440374,653
653,667,1831,346011,4625274.0,2019,4.09085185986446,654
654,668,1832,356011,4625274.0,2014,7.49495494455494,655
655,669,1833,366011,4625274.0,2014,8.71970215156001,656
656,670,1834,376011,4625274.0,2019,22.4451555564927,657
657,671,1835,386011,4625274.0,2017,22.2880756331226,658
658,672,1836,396011,4625274.0,2019,18.0596987463817,659
659,673,1837,406011,4625274.0,2020,17.4558591935843,660
660,674,1838,416011,4625274.0,2019,7.34604663604225,661
661,675,1839,426011,4625274.0,2018,15.2051946934753,662
662,676,1840,436011,4625274.0,2022,21.2986563194172,663
663,677,1841,446011,4625274.0,2020,21.0799823112447,664
664,678,1842,456011,4625274.0,2021,14.8988588164914,665
665,679,1843,466011,4625274.0,2022,14.1620021013124,666
666,680,1844,476011,4625274.0,2018,23.3121487139444,667
667,681,1845,486011,4625274.0,2019,7.15090556766759,668
668,682,1846,496011,4625274.0,2020,5.12135208514733,669
669,683,1847,506011,4625274.0,2015,6.12247231621512,670
670,684,1848,516011,4625274.0,2016,21.1845366202048,671
671,685,1849,526011,4625274.0,2016,15.0801367535112,672
672,686,1850,536011,4625274.0,2019,6.49645586546204,673
673,687,1851,546011,4625274.0,2014,5.13494878613977,674
674,688,1852,556011,4625274.0,2014,15.2458938915989,675
675,689,1853,566011,4625274.0,2020,11.0981739488124,676
676,690,1854,576011,4625274.0,2017,20.8774321968725,677
677,691,1855,586011,4625274.0,2016,7.89801672859774,678
678,692,1856,596011,4625274.0,2014,21.7957319295245,679
679,693,1857,606011,4625274.0,2017,18.5053867929316,680
680,694,1858,616011,4625274.0,2021,11.2037740436254,681
681,695,1859,626011,4625274.0,2014,15.3508910510809,682
682,696,1860,636011,4625274.0,2016,13.9963539909215,683
683,697,1861,236011,4635274.0,2018,22.6544312602558,684
684,698,1862,246011,4635274.0,2019,22.0723452620863,685
685,699,1863,256011,4635274.0,2017,4.38426728113772,686
686,700,1864,266011,4635274.0,2016,6.93672906503407,687
687,701,1865,276011,4635274.0,2017,12.489253408736,688
688,702,1866,286011,4635274.0,2019,20.4621482052674,689
689,703,1867,296011,4635274.0,2020,18.9031705929665,690
690,704,1868,306011,4635274.0,2015,4.74601179552759,691
691,705,1869,316011,4635274.0,2021,11.7511621072508,692
692,706,1870,326011,4635274.0,2022,14.9403157063901,693
693,707,1871,336011,4635274.0,2015,7.04181526673502,694
694,708,1872,346011,4635274.0,2016,6.47452093864071,695
695,709,1873,356011,4635274.0,2017,23.130543047004,696
696,710,1874,366011,4635274.0,2017,11.2959658547099,697
697,711,1875,376011,4635274.0,2018,11.5665775723641,698
698,712,1876,386011,4635274.0,2022,10.3434394977061,699
699,713,1877,396011,4635274.0,2017,14.3042379783504,700
700,714,1878,406011,4635274.0,2021,9.5483954033466,701
701,715,1879,416011,4635274.0,2017,10.6237213684463,702
702,716,1880,426011,4635274.0,2018,7.4955065535059,703
703,717,1881,436011,4635274.0,2015,8.94211908616174,704
704,718,1882,446011,4635274.0,2020,20.7139530719228,705
705,719,1883,456011,4635274.0,2022,23.1340611548501,706
706,720,1884,466011,4635274.0,2018,5.43636436519778,707
707,721,1885,476011,4635274.0,2022,15.6198464047508,708
708,722,1886,486011,4635274.0,2016,9.03579646571043,709
709,723,1887,496011,4635274.0,2020,19.01103325121,710
710,724,1888,506011,4635274.0,2014,15.8035526058488,711
711,725,1889,516011,4635274.0,2015,20.616480546459,712
712,726,1890,526011,4635274.0,2018,16.8676228900471,713
713,727,1891,536011,4635274.0,2014,14.0213213515192,714
714,728,1892,546011,4635274.0,2020,17.6567830795158,715
715,729,1893,556011,4635274.0,2016,17.5425887766041,716
716,730,1894,566011,4635274.0,2019,11.5063264916139,717
717,731,1895,576011,4635274.0,2018,4.06562585056638,718
718,732,1896,586011,4635274.0,2016,21.3444899216578,719
719,733,1897,596011,4635274.0,2020,17.2586929736956,720
720,734,1898,606011,4635274.0,2014,14.276342876902,721
721,735,1899,616011,4635274.0,2022,4.95272700858026,722
722,736,1900,626011,4635274.0,2014,9.8212753737234,723
723,737,1901,636011,4635274.0,2014,5.00876216400889,724
724,738,1902,236011,4645274.0,2020,12.3823651202213,725
725,739,1903,246011,4645274.0,2022,10.4928448573583,726
726,740,1904,256011,4645274.0,2020,4.41435856856977,727
727,741,1905,266011,4645274.0,2022,9.69845456147883,728
728,742,1906,276011,4645274.0,2019,12.3117605432157,729
729,743,1907,286011,4645274.0,2021,19.009547911971,730
730,744,1908,296011,4645274.0,2021,9.30934686106041,731
731,745,1909,306011,4645274.0,2022,13.0759813071832,732
732,746,1910,316011,4645274.0,2017,10.3958410253858,733
733,747,1911,326011,4645274.0,2020,20.3328789272806,734
734,748,1912,336011,4645274.0,2015,22.9230101877331,735
735,749,1913,346011,4645274.0,2020,7.97474973682552,736
736,750,1914,356011,4645274.0,2019,11.4787456667307,737
737,751,1915,366011,4645274.0,2022,15.6770832052615,738
738,752,1916,376011,4645274.0,2021,21.5235469973353,739
739,753,1917,386011,4645274.0,2019,23.1496157961579,740
740,754,1918,396011,4645274.0,2016,23.6523782300114,741
741,755,1919,406011,4645274.0,2022,6.25122972589095,742
742,756,1920,416011,4645274.0,2020,18.9064739585792,743
743,757,1921,426011,4645274.0,2014,9.12155340337806,744
744,758,1922,436011,4645274.0,2015,18.9094916852069,745
745,759,1923,446011,4645274.0,2014,15.9312574569503,746
746,760,1924,456011,4645274.0,2022,8.87999837507299,747
747,761,1925,466011,4645274.0,2020,19.8683497029177,748
748,762,1926,476011,4645274.0,2016,19.1064583537099,749
749,763,1927,486011,4645274.0,2017,12.0710501993655,750
750,764,1928,496011,4645274.0,2016,8.33487877482281,751
751,765,1929,506011,4645274.0,2014,6.73857658330648,752
752,766,1930,516011,4645274.0,2020,4.74491965050125,753
753,767,1931,526011,4645274.0,2022,4.17302839762781,754
754,768,1932,536011,4645274.0,2021,12.9172751851881,755
755,769,1933,546011,4645274.0,2015,11.5852111532635,756
756,770,1934,556011,4645274.0,2017,11.9670291617026,757
757,771,1935,566011,4645274.0,2017,9.3598862490211,758
758,772,1936,576011,4645274.0,2020,6.74759916299432,759
759,773,1937,586011,4645274.0,2015,19.0182306474924,760
760,774,1938,596011,4645274.0,2021,16.2712598606614,761
761,775,1939,606011,4645274.0,2019,6.75924072103121,762
762,776,1940,616011,4645274.0,2017,13.8751753364711,763
763,777,1941,626011,4645274.0,2021,22.9474664057259,764
764,778,1942,636011,4645274.0,2018,9.04366491762478,765
765,779,1943,236011,4655274.0,2019,15.5011658574427,766
766,780,1944,246011,4655274.0,2020,20.7721476309622,767
767,781,1945,256011,4655274.0,2014,21.603939179635,768
768,782,1946,266011,4655274.0,2017,14.4771864529144,769
769,783,1947,276011,4655274.0,2015,4.15275788493636,770
770,784,1948,286011,4655274.0,2021,17.5050282931186,771
771,785,1949,296011,4655274.0,2016,13.6161711977591,772
772,786,1950,306011,4655274.0,2020,12.2769055341487,773
773,787,1951,316011,4655274.0,2018,7.24198600062161,774
774,788,1952,326011,4655274.0,2017,20.5360653457697,775
775,789,1953,336011,4655274.0,2014,9.37474268859116,776
776,790,1954,346011,4655274.0,2015,18.7938547374464,777
777,791,1955,356011,4655274.0,2021,17.3763038421753,778
778,792,1956,366011,4655274.0,2022,8.17584165692057,779
779,793,1957,376011,4655274.0,2020,20.7206829490762,780
780,794,1958,386011,4655274.0,2021,14.6831054199682,781
781,795,1959,396011,4655274.0,2017,5.69567207900581,782
782,796,1960,406011,4655274.0,2019,17.7178636527881,783
783,797,1961,416011,4655274.0,2022,7.2466224380032,784
784,798,1962,426011,4655274.0,2021,7.64477956011575,785
785,799,1963,436011,4655274.0,2016,10.1328692307288,786
786,800,1964,446011,4655274.0,2018,20.5089476386386,787
787,801,1965,456011,4655274.0,2014,6.81732593642394,788
788,802,1966,466011,4655274.0,2022,7.1632052172967,789
789,803,1967,476011,4655274.0,2014,6.52689466388432,790
790,804,1968,486011,4655274.0,2021,19.7850981860892,791
791,805,1969,496011,4655274.0,2018,17.1384738033131,792
792,806,1970,506011,4655274.0,2016,4.8951189297582,793
793,807,1971,516011,4655274.0,2021,6.55988602607012,794
794,808,1972,526011,4655274.0,2014,18.2830907888427,795
795,809,1973,536011,4655274.0,2022,18.1135404170355,796
796,810,1974,546011,4655274.0,2018,14.5488092687273,797
797,811,1975,556011,4655274.0,2020,22.0814623181341,798
798,812,1976,566011,4655274.0,2019,21.4929013430523,799
799,813,1977,576011,4655274.0,2019,21.2334057969729,800
800,814,1978,586011,4655274.0,2019,4.96714399622668,801
801,815,1979,596011,4655274.0,2018,5.20246207949002,802
802,816,1980,606011,4655274.0,2015,12.8062215028616,803
803,817,1981,616011,4655274.0,2020,5.43912409430172,804
804,818,1982,626011,4655274.0,2016,5.4525852894571,805
805,819,1983,636011,4655274.0,2022,23.3097096679346,806
806,820,1984,236011,4665274.0,2019,14.2090743823031,807
807,821,1985,246011,4665274.0,2018,19.770587151969,808
808,822,1986,256011,4665274.0,2021,23.0884378905867,809
809,823,1987,266011,4665274.0,2019,7.57107999835413,810
810,824,1988,276011,4665274.0,2019,16.0794549246561,811
811,825,1989,286011,4665274.0,2022,6.58802018191103,812
812,826,1990,296011,4665274.0,2018,20.7367911281591,813
813,827,1991,306011,4665274.0,2022,10.464271499325,814
814,828,1992,316011,4665274.0,2020,12.2750328997465,815
815,829,1993,326011,4665274.0,2019,15.4153925930408,816
816,830,1994,336011,4665274.0,2016,6.02402172057522,817
817,831,1995,346011,4665274.0,2017,11.8096404233978,818
818,832,1996,356011,4665274.0,2022,5.65286607926649,819
819,833,1997,366011,4665274.0,2017,12.5503576238186,820
820,834,1998,376011,4665274.0,2020,18.7907152001197,821
821,835,1999,386011,4665274.0,2020,15.1123812845666,822
822,836,2000,396011,4665274.0,2021,17.8674299887865,823
823,837,2001,406011,4665274.0,2022,17.2754761032107,824
824,838,2002,416011,4665274.0,2017,6.10966658756495,825
825,839,2003,426011,4665274.0,2020,22.6513350541446,826
826,840,2004,436011,4665274.0,2022,7.37161457524098,827
827,841,2005,446011,4665274.0,2022,12.8296098527739,828
828,842,2006,456011,4665274.0,2016,10.4750295385783,829
829,843,2007,466011,4665274.0,2020,10.9905576449099,830
830,844,2008,476011,4665274.0,2015,21.0282255051163,831
831,845,2009,486011,4665274.0,2015,8.60411527007418,832
832,846,2010,496011,4665274.0,2015,16.0070019613438,833
833,847,2011,506011,4665274.0,2020,11.7250441785698,834
834,848,2012,516011,4665274.0,2020,13.5643592541885,835
835,849,2013,526011,4665274.0,2019,7.52535952565361,836
836,850,2014,536011,4665274.0,2021,20.6949197511502,837
837,851,2015,546011,4665274.0,2015,10.9223276430948,838
838,852,2016,556011,4665274.0,2015,16.9000090062985,839
839,853,2017,566011,4665274.0,2020,7.67152876485796,840
840,854,2018,576011,4665274.0,2018,7.70724140526796,841
841,855,2019,586011,4665274.0,2015,20.3381953302086,842
842,856,2020,596011,4665274.0,2021,15.4812804830945,843
843,857,2021,606011,4665274.0,2018,5.30917269981489,844
844,858,2022,616011,4665274.0,2017,9.70409269318832,845
845,859,2023,626011,4665274.0,2021,12.6289991059441,846
846,860,2024,636011,4665274.0,2015,9.6856822259686,847
847,861,2025,236011,4675274.0,2022,18.4595131613555,848
848,862,2026,246011,4675274.0,2019,18.1517850508821,849
849,863,2027,256011,4675274.0,2016,16.1194584717219,850
850,864,2028,266011,4675274.0,2017,6.44542652781983,851
851,865,2029,276011,4675274.0,2014,23.7654049165328,852
852,866,2030,286011,4675274.0,2022,14.5031320048259,853
853,867,2031,296011,4675274.0,2017,15.2905176028008,854
854,868,2032,306011,4675274.0,2015,20.270450494677,855
855,869,2033,316011,4675274.0,2015,7.19785021255788,856
856,870,2034,326011,4675274.0,2017,13.0015313337631,857
857,871,2035,336011,4675274.0,2017,11.9390864886411,858
858,872,2036,346011,4675274.0,2019,9.16670106586849,859
859,873,2037,356011,4675274.0,2016,16.8260664341281,860
860,874,2038,366011,4675274.0,2016,14.2960687204708,861
861,875,2039,376011,4675274.0,2015,10.2120331608722,862
862,876,2040,386011,4675274.0,2022,9.16366022981488,863
863,877,2041,396011,4675274.0,2017,16.4190721997441,864
864,878,2042,406011,4675274.0,2019,23.8993027347263,865
865,879,2043,416011,4675274.0,2016,21.0006833829097,866
866,880,2044,426011,4675274.0,2022,15.4485897513865,867
867,881,2045,436011,4675274.0,2016,8.89117075709957,868
868,882,2046,446011,4675274.0,2017,16.9425950955761,869
869,883,2047,456011,4675274.0,2015,11.3812308743108,870
870,884,2048,466011,4675274.0,2020,14.1455026359828,871
871,885,2049,476011,4675274.0,2021,17.65586607111,872
872,886,2050,486011,4675274.0,2022,7.13333915589841,873
873,887,2051,496011,4675274.0,2020,18.4334284980472,874
874,888,2052,506011,4675274.0,2018,5.34262479977547,875
875,889,2053,516011,4675274.0,2019,14.1759403582764,876
876,890,2054,526011,4675274.0,2019,19.1429772266881,877
877,891,2055,536011,4675274.0,2016,10.3252762753915,878
878,892,2056,546011,4675274.0,2016,10.941193103376,879
879,893,2057,556011,4675274.0,2020,5.42133227922277,880
880,894,2058,566011,4675274.0,2018,9.63661688498676,881
881,895,2059,576011,4675274.0,2020,15.4288873879977,882
882,896,2060,586011,4675274.0,2015,18.2834307120611,883
883,897,2061,596011,4675274.0,2020,20.3047011146417,884
884,898,2062,606011,4675274.0,2020,13.7338028059629,885
885,899,2063,616011,4675274.0,2017,20.0779195391661,886
886,900,2064,626011,4675274.0,2015,4.58426224932881,887
887,901,2065,636011,4675274.0,2014,19.4943201706416,888
888,902,2066,236011,4685274.0,2019,6.98880692747026,889
889,903,2067,246011,4685274.0,2020,5.05357849388639,890
890,904,2068,256011,4685274.0,2021,9.11770871255158,891
891,905,2069,266011,4685274.0,2016,18.8053070025295,892
892,906,2070,276011,4685274.0,2014,5.43659175833137,893
893,907,2071,286011,4685274.0,2022,11.2387861546761,894
894,908,2072,296011,4685274.0,2017,11.7860628723595,895
895,909,2073,306011,4685274.0,2022,10.5353620661629,896
896,910,2074,316011,4685274.0,2019,10.1123579662921,897
897,911,2075,326011,4685274.0,2020,5.42083415769583,898
898,912,2076,336011,4685274.0,2020,17.9218148472404,899
899,913,2077,346011,4685274.0,2014,5.61834469410856,900
900,914,2078,356011,4685274.0,2014,6.81823981797143,901
901,915,2079,366011,4685274.0,2019,23.9693695004381,902
902,916,2080,376011,4685274.0,2017,4.31858977449638,903
903,917,2081,386011,4685274.0,2020,9.405079867589,904
904,918,2082,396011,4685274.0,2020,5.32470017383847,905
905,919,2083,406011,4685274.0,2016,17.0527003513358,906
906,920,2084,416011,4685274.0,2014,15.3203667986868,907
907,921,2085,426011,4685274.0,2017,20.1664431641402,908
908,922,2086,436011,4685274.0,2017,10.1213676665181,909
909,923,2087,446011,4685274.0,2019,16.5780004085405,910
910,924,2088,456011,4685274.0,2016,8.85239746842582,911
911,925,2089,466011,4685274.0,2021,13.149127416934,912
912,926,2090,476011,4685274.0,2016,10.6689688963329,913
913,927,2091,486011,4685274.0,2021,5.77215421426526,914
914,928,2092,496011,4685274.0,2020,5.39648901595571,915
915,929,2093,506011,4685274.0,2017,16.9233697225389,916
916,930,2094,516011,4685274.0,2016,23.5256625112037,917
917,931,2095,526011,4685274.0,2017,20.6415951473866,918
918,932,2096,536011,4685274.0,2015,20.288542231001,919
919,933,2097,546011,4685274.0,2018,21.0716800415812,920
920,934,2098,556011,4685274.0,2019,12.2906814199244,921
921,935,2099,566011,4685274.0,2014,4.94538645294572,922
922,936,2100,576011,4685274.0,2017,20.322469511072,923
923,937,2101,586011,4685274.0,2020,11.7887358884328,924
924,938,2102,596011,4685274.0,2018,13.6512226309878,925
925,939,2103,606011,4685274.0,2017,23.0708409448509,926
926,940,2104,616011,4685274.0,2020,6.60786713351331,927
927,941,2105,626011,4685274.0,2020,15.422815981026,928
928,942,2106,636011,4685274.0,2022,10.3485132450002,929
929,943,2107,236011,4695274.0,2018,10.2964480416353,930
930,944,2108,246011,4695274.0,2022,9.03844996886833,931
931,945,2109,256011,4695274.0,2014,17.6479792090011,932
932,946,2110,266011,4695274.0,2022,19.8801027022601,933
933,947,2111,276011,4695274.0,2014,16.9467491799237,934
934,948,2112,286011,4695274.0,2016,9.29088998240948,935
935,949,2113,296011,4695274.0,2017,18.1479381915555,936
936,950,2114,306011,4695274.0,2017,9.24066090397483,937
937,951,2115,316011,4695274.0,2018,15.0232888399756,938
938,952,2116,326011,4695274.0,2015,22.418419260723,939
939,953,2117,336011,4695274.0,2022,23.2796240136663,940
940,954,2118,346011,4695274.0,2018,21.7953847389471,941
941,955,2119,356011,4695274.0,2014,15.1971528378527,942
942,956,2120,366011,4695274.0,2015,14.7147052697306,943
943,957,2121,376011,4695274.0,2020,17.6497584980379,944
944,958,2122,386011,4695274.0,2017,14.4455337458404,945
945,959,2123,396011,4695274.0,2016,23.4744580914418,946
946,960,2124,406011,4695274.0,2018,16.2385417780586,947
947,961,2125,416011,4695274.0,2021,7.82310922050492,948
948,962,2126,426011,4695274.0,2016,19.139976676156,949
949,963,2127,436011,4695274.0,2014,23.7530649290752,950
950,964,2128,446011,4695274.0,2014,7.85682190702956,951
951,965,2129,456011,4695274.0,2018,12.8926480004308,952
952,966,2130,466011,4695274.0,2016,19.3472583047204,953
953,967,2131,476011,4695274.0,2015,8.52371254092564,954
954,968,2132,486011,4695274.0,2017,14.6660534718574,955
955,969,2133,496011,4695274.0,2022,7.15890681672502,956
956,970,2134,506011,4695274.0,2018,10.8296281929498,957
957,971,2135,516011,4695274.0,2020,19.985723742574,958
958,972,2136,526011,4695274.0,2014,5.71416438314262,959
959,973,2137,536011,4695274.0,2017,16.1535676899318,960
960,974,2138,546011,4695274.0,2017,14.0136605223909,961
961,975,2139,556011,4695274.0,2016,8.2118068781522,962
962,976,2140,566011,4695274.0,2022,16.8649983980337,963
963,977,2141,576011,4695274.0,2018,21.3272257071229,964
964,978,2142,586011,4695274.0,2014,6.15582902026312,965
965,979,2143,596011,4695274.0,2021,19.8961355475742,966
966,980,2144,606011,4695274.0,2016,19.6029583046076,967
967,981,2145,616011,4695274.0,2018,7.74742487858533,968
968,982,2146,626011,4695274.0,2015,8.36737000457417,969
969,983,2147,636011,4695274.0,2016,14.6160056377204,970
970,984,2148,236011,4705274.0,2019,19.9632718353819,971
971,985,2149,246011,4705274.0,2021,17.8379878832467,972
972,986,2150,256011,4705274.0,2014,5.50476518815968,973
973,987,2151,266011,4705274.0,2016,6.0835947809395,974
974,988,2152,276011,4705274.0,2016,9.25848039763478,975
975,989,2153,286011,4705274.0,2021,17.9719875320269,976
976,990,2154,296011,4705274.0,2015,20.5585213638935,977
977,991,2155,306011,4705274.0,2014,7.81202679571699,978
978,992,2156,316011,4705274.0,2018,5.5260601002257,979
979,993,2157,326011,4705274.0,2021,6.8212695364028,980
980,994,2158,336011,4705274.0,2014,16.8192052554007,981
981,995,2159,346011,4705274.0,2015,21.4459162770592,982
982,996,2160,356011,4705274.0,2019,6.22003554989227,983
983,997,2161,366011,4705274.0,2016,23.8574011946418,984
984,998,2162,376011,4705274.0,2015,20.6807767604483,985
985,999,2163,386011,4705274.0,2015,22.7108631997745,986
986,1000,2164,396011,4705274.0,2014,21.5428164064313,987
987,1001,2165,406011,4705274.0,2018,23.7057626430982,988
988,1002,2166,416011,4705274.0,2020,15.7806261062981,989
989,1003,2167,426011,4705274.0,2016,18.3169213870433,990
990,1004,2168,436011,4705274.0,2019,12.6311514161556,991
991,1005,2169,446011,4705274.0,2014,19.5389851525459,992
992,1006,2170,456011,4705274.0,2015,17.5013935224193,993
993,1007,2171,466011,4705274.0,2016,5.73696584539048,994
994,1008,2172,476011,4705274.0,2018,11.5637467756916,995
995,1009,2173,486011,4705274.0,2019,14.9809028718371,996
996,1010,2174,496011,4705274.0,2021,21.5859968410587,997
997,1011,2175,506011,4705274.0,2017,6.72892725906666,998
998,1012,2176,516011,4705274.0,2017,20.4494114713018,999
999,1013,2177,526011,4705274.0,2018,22.6179039912358,1000
1000,1014,2178,536011,4705274.0,2016,19.9501538478382,1001
1001,1015,2179,546011,4705274.0,2022,9.86365664012869,1002
1002,1016,2180,556011,4705274.0,2014,6.87958357172977,1003
1003,1017,2181,566011,4705274.0,2022,15.6700109403988,1004
1004,1018,2182,576011,4705274.0,2017,6.29967207589611,1005
1005,1019,2183,586011,4705274.0,2019,5.52127044920211,1006
1006,1020,2184,596011,4705274.0,2019,15.4364040209842,1007
1007,1021,2185,606011,4705274.0,2020,8.40313189371628,1008
1008,1022,2186,616011,4705274.0,2019,10.3750644571542,1009
1009,1023,2187,626011,4705274.0,2021,9.79234903524741,1010
1010,1024,2188,636011,4705274.0,2014,6.2381492042738,1011
1011,1025,2189,236011,4715274.0,2014,12.5605638910926,1012
1012,1026,2190,246011,4715274.0,2021,4.76180430071394,1013
1013,1027,2191,256011,4715274.0,2021,19.9200405180617,1014
1014,1028,2192,266011,4715274.0,2016,16.1835564495018,1015
1015,1029,2193,276011,4715274.0,2016,12.6285857280865,1016
1016,1030,2194,286011,4715274.0,2016,22.3084412976896,1017
1017,1031,2195,296011,4715274.0,2021,11.6214132499395,1018
1018,1032,2196,306011,4715274.0,2019,14.8098029493547,1019
1019,1033,2197,316011,4715274.0,2016,6.76602061894243,1020
1020,1034,2198,326011,4715274.0,2022,16.1215704131337,1021
1021,1035,2199,336011,4715274.0,2015,14.1455943122254,1022
1022,1036,2200,346011,4715274.0,2014,22.0580292823364,1023
1023,1037,2201,356011,4715274.0,2022,20.9128521659308,1024
1024,1038,2202,366011,4715274.0,2020,6.51512880095479,1025
1025,1039,2203,376011,4715274.0,2021,21.2425291813421,1026
1026,1040,2204,386011,4715274.0,2018,10.0430288515729,1027
1027,1041,2205,396011,4715274.0,2016,11.9868371504048,1028
1028,1042,2206,406011,4715274.0,2014,11.4461054826954,1029
1029,1043,2207,416011,4715274.0,2022,21.4499191864313,1030
1030,1044,2208,426011,4715274.0,2022,20.0627449321314,1031
1031,1045,2209,436011,4715274.0,2016,12.4547028619485,1032
1032,1046,2210,446011,4715274.0,2018,5.06038859862509,1033
1033,1047,2211,456011,4715274.0,2018,7.58638862121377,1034
1034,1048,2212,466011,4715274.0,2017,6.56330396916595,1035
1035,1049,2213,476011,4715274.0,2014,15.3125995888562,1036
1036,1050,2214,486011,4715274.0,2022,16.969586147389,1037
1037,1051,2215,496011,4715274.0,2016,22.3221794599627,1038
1038,1052,2216,506011,4715274.0,2021,22.7645569958434,1039
1039,1053,2217,516011,4715274.0,2014,22.9989934917975,1040
1040,1054,2218,526011,4715274.0,2014,17.7633861307836,1041
1041,1055,2219,536011,4715274.0,2020,22.933466217818,1042
1042,1056,2220,546011,4715274.0,2015,13.8050659339985,1043
1043,1057,2221,556011,4715274.0,2018,17.2959110307072,1044
1044,1058,2222,566011,4715274.0,2018,20.8547149066119,1045
1045,1059,2223,576011,4715274.0,2016,23.6031260291737,1046
1046,1060,2224,586011,4715274.0,2016,4.67612479958462,1047
1047,1061,2225,596011,4715274.0,2021,19.9416798075765,1048
1048,1062,2226,606011,4715274.0,2015,20.2904946676358,1049
1049,1063,2227,616011,4715274.0,2015,20.8340387021978,1050
1050,1064,2228,626011,4715274.0,2018,15.1485013643328,1051
1051,1065,2229,636011,4715274.0,2022,11.5923147089922,1052
1052,1066,2230,236011,4725274.0,2021,12.79297252236,1053
1053,1067,2231,246011,4725274.0,2015,15.1815348193938,1054
1054,1068,2232,256011,4725274.0,2017,16.2715865738083,1055
1055,1069,2233,266011,4725274.0,2020,12.0192446196287,1056
1056,1070,2234,276011,4725274.0,2022,13.2073366867526,1057
1057,1071,2235,286011,4725274.0,2015,16.9538012924819,1058
1058,1072,2236,296011,4725274.0,2016,20.8286282813254,1059
1059,1073,2237,306011,4725274.0,2018,8.11487172009866,1060
1060,1074,2238,316011,4725274.0,2021,18.3457290170819,1061
1061,1075,2239,326011,4725274.0,2019,16.9731341192208,1062
1062,1076,2240,336011,4725274.0,2020,23.6405080948827,1063
1063,1077,2241,346011,4725274.0,2015,15.6977823481464,1064
1064,1078,2242,356011,4725274.0,2022,9.74224301794436,1065
1065,1079,2243,366011,4725274.0,2017,21.4950355178022,1066
1066,1080,2244,376011,4725274.0,2020,16.1255166534949,1067
1067,1081,2245,386011,4725274.0,2017,4.70055792693252,1068
1068,1082,2246,396011,4725274.0,2020,14.1525025541778,1069
1069,1083,2247,406011,4725274.0,2018,21.8430138612419,1070
1070,1084,2248,416011,4725274.0,2014,21.2944538299248,1071
1071,1085,2249,426011,4725274.0,2015,11.5022349637188,1072
1072,1086,2250,436011,4725274.0,2020,21.7098862267085,1073
1073,1087,2251,446011,4725274.0,2015,14.6999680050418,1074
1074,1088,2252,456011,4725274.0,2020,11.0080049762481,1075
1075,1089,2253,466011,4725274.0,2016,16.1085211032083,1076
1076,1090,2254,476011,4725274.0,2018,12.0978489720755,1077
1077,1091,2255,486011,4725274.0,2015,5.63539975704175,1078
1078,1092,2256,496011,4725274.0,2018,16.4385554317641,1079
1079,1093,2257,506011,4725274.0,2019,19.1311221158878,1080
1080,1094,2258,516011,4725274.0,2021,21.336714521093,1081
1081,1095,2259,526011,4725274.0,2021,23.5045398601592,1082
1082,1096,2260,536011,4725274.0,2022,4.85736388605669,1083
1083,1097,2261,546011,4725274.0,2018,21.9336721399938,1084
1084,1098,2262,556011,4725274.0,2020,12.139507789196,1085
1085,1099,2263,566011,4725274.0,2017,8.36705634098678,1086
1086,1100,2264,576011,4725274.0,2021,4.33448824233163,1087
1087,1101,2265,586011,4725274.0,2015,22.4232342229508,1088
1088,1102,2266,596011,4725274.0,2015,22.6715054130244,1089
1089,1103,2267,606011,4725274.0,2021,17.523696065928,1090
1090,1104,2268,616011,4725274.0,2021,18.9417020488307,1091
1091,1105,2269,626011,4725274.0,2014,12.4919663967955,1092
1092,1106,2270,636011,4725274.0,2021,22.9618916136586,1093
1093,1107,2271,236011,4735274.0,2015,5.93004430625898,1094
1094,1108,2272,246011,4735274.0,2014,15.0470082111898,1095
1095,1109,2273,256011,4735274.0,2017,4.01465853331252,1096
1096,1110,2274,266011,4735274.0,2018,14.9559520830032,1097
1097,1111,2275,276011,4735274.0,2015,9.74810490326374,1098
1098,1112,2276,286011,4735274.0,2014,22.434144554825,1099
1099,1113,2277,296011,4735274.0,2022,14.7166438444635,1100
1100,1114,2278,306011,4735274.0,2017,10.3909782401264,1101
1101,1115,2279,316011,4735274.0,2020,15.0609852542883,1102
1102,1116,2280,326011,4735274.0,2021,12.7240766753498,1103
1103,1117,2281,336011,4735274.0,2018,8.65003844325427,1104
1104,1118,2282,346011,4735274.0,2014,10.3154825676648,1105
1105,1119,2283,356011,4735274.0,2016,8.98897094302835,1106
1106,1120,2284,366011,4735274.0,2014,12.3478953056833,1107
1107,1121,2285,376011,4735274.0,2020,21.9240269543067,1108
1108,1122,2286,386011,4735274.0,2018,13.9701319604133,1109
1109,1123,2287,396011,4735274.0,2022,19.1013329971725,1110
1110,1124,2288,406011,4735274.0,2017,4.40964370362236,1111
1111,1125,2289,416011,4735274.0,2019,5.90161094456511,1112
1112,1126,2290,426011,4735274.0,2019,23.0371557373306,1113
1113,1127,2291,436011,4735274.0,2018,22.0171301832767,1114
1114,1128,2292,446011,4735274.0,2017,5.53144478346773,1115
1115,1129,2293,456011,4735274.0,2020,7.98338160090774,1116
1116,1130,2294,466011,4735274.0,2015,15.9354804370855,1117
1117,1131,2295,476011,4735274.0,2022,18.0936948223373,1118
1118,1132,2296,486011,4735274.0,2021,11.7161765147004,1119
1119,1133,2297,496011,4735274.0,2016,7.29900897439266,1120
1120,1134,2298,506011,4735274.0,2022,22.8595936283976,1121
1121,1135,2299,516011,4735274.0,2016,20.0408920418556,1122
1122,1136,2300,526011,4735274.0,2015,5.88224566857645,1123
1123,1137,2301,536011,4735274.0,2016,7.95920870313167,1124
1124,1138,2302,546011,4735274.0,2014,21.7899959196413,1125
1125,1139,2303,556011,4735274.0,2020,22.6141366845062,1126
1126,1140,2304,566011,4735274.0,2022,13.4809516716804,1127
1127,1141,2305,576011,4735274.0,2021,7.42873985487332,1128
1128,1142,2306,586011,4735274.0,2020,4.33588550834856,1129
1129,1143,2307,596011,4735274.0,2019,13.720659671444,1130
1130,1144,2308,606011,4735274.0,2016,16.4410394713676,1131
1131,1145,2309,616011,4735274.0,2018,21.516321039374,1132
1132,1146,2310,626011,4735274.0,2017,7.19358556860077,1133
1133,1147,2311,636011,4735274.0,2018,20.3952235469699,1134
1134,1148,2312,236011,4735274.0,2021,10.8603852692945,1135
1135,1149,2313,246011,4735274.0,2021,15.730223417667,1136
1136,1150,2314,256011,4735274.0,2015,20.5101318049909,1137
1137,1151,2315,266011,4735274.0,2022,23.1857351311294,1138
1138,1152,2316,276011,4735274.0,2020,9.1243220548215,1139
1139,1153,2317,286011,4735274.0,2016,23.120657220295,1140
1140,1154,2318,296011,4735274.0,2017,20.1265898881817,1141
1141,1155,2319,306011,4735274.0,2014,22.689350620844,1142
1142,1156,2320,316011,4735274.0,2018,19.8528485207861,1143
1143,1157,2321,326011,4735274.0,2020,8.33635091030502,1144
1144,1158,2322,336011,4735274.0,2021,6.02287866471071,1145
1145,1159,2323,346011,4735274.0,2021,10.8159683169371,1146
1146,1160,2324,356011,4735274.0,2017,8.84773839167349,1147
1147,1161,2325,366011,4735274.0,2019,6.9039178309656,1148
1148,1162,2326,376011,4735274.0,2021,22.9224046445013,1149
1149,1163,2327,386011,4735274.0,2017,16.8059881410405,1150
1150,1164,2328,396011,4735274.0,2016,5.87790179805779,1151
1151,1165,2329,406011,4735274.0,2017,4.19297070088879,1152
1152,1166,2330,416011,4735274.0,2021,20.2469480733128,1153
1153,1167,2331,426011,4735274.0,2016,19.0089072701117,1154
1154,1168,2332,436011,4735274.0,2016,13.3836242989848,1155
1155,1169,2333,446011,4735274.0,2015,4.838450480973,1156
1156,1170,2334,456011,4735274.0,2019,13.6598955657642,1157
1157,1171,2335,466011,4735274.0,2022,22.1653936759497,1158
1158,1172,2336,476011,4735274.0,2016,21.7566874933263,1159
1159,1173,2337,486011,4735274.0,2016,12.5383485215736,1160
1160,1174,2338,496011,4735274.0,2022,17.2203507434841,1161
1161,1175,2339,506011,4735274.0,2017,14.8036244370947,1162
1162,1176,2340,516011,4735274.0,2019,16.9657446718791,1163
1163,1177,2341,526011,4735274.0,2020,10.5469484633435,1164
1164,1178,2342,536011,4735274.0,2016,14.9841362137637,1165
1165,1179,2343,546011,4735274.0,2018,21.2657903115848,1166
1166,1180,2344,556011,4735274.0,2017,18.7701647603745,1167
1167,1181,2345,566011,4735274.0,2017,8.56281472157666,1168
1168,1182,2346,576011,4735274.0,2021,6.15001621611194,1169
1169,1183,2347,586011,4735274.0,2022,6.84839145212796,1170
1170,1184,2348,596011,4735274.0,2016,22.5171662519381,1171
1171,1185,2349,606011,4735274.0,2015,11.2501762430165,1172
1172,1186,2350,616011,4735274.0,2016,9.91428170718125,1173
1173,1187,2351,626011,4735274.0,2016,9.0637667978059,1174
1174,1188,2352,636011,4735274.0,2019,19.6243447509319,1175
