PLOTCODE,CX,CY,year,ba_ha
1164,236011,4205274,2019,6.669486056
1165,246011,4205274,2014,2.866404694
1166,256011,4205274,2016,2.431983333
1167,266011,4205274,2015,9.445488778
1168,276011,4205274,2014,20.41845456
1169,286011,4205274,2020,37.49806314
1170,296011,4205274,2019,21.23824847
1171,306011,4205274,2019,29.73142294
1172,316011,4205274,2020,22.69333467
1173,326011,4205274,2015,12.73784167
1174,336011,4205274,2020,2.708372222
1175,346011,4205274,2020,6.845673583
1176,356011,4205274,2020,9.344373
1177,366011,4205274,2019,17.95048767
1178,376011,4205274,2018,7.558686667
1179,386011,4205274,2018,11.2377008294038
1180,396011,4205274,2017,10.1749862205597
1181,406011,4205274,2016,20.4874349941984
1182,416011,4205274,2014,14.9165401747418
1183,426011,4205274,2019,15.6270399838579
1184,436011,4205274,2014,12.6061506808376
1185,446011,4205274,2019,23.4570811943663
1186,456011,4205274,2015,5.12613924299519
1187,466011,4205274,2014,17.3180189586223
1188,476011,4205274,2020,17.6287710242939
1189,486011,4205274,2014,13.5644694241017
1190,496011,4205274,2019,8.00002521412519
1191,506011,4205274,2016,21.1001021128634
1192,516011,4205274,2014,10.5915047829521
1193,526011,4205274,2022,6.21001376434909
1194,536011,4205274,2019,7.79362722430336
1195,546011,4205274,2021,15.2940407348982
1196,556011,4205274,2021,20.826919253269
1197,566011,4205274,2017,16.801259097814
1198,576011,4205274,2017,16.0670316887026
1199,586011,4205274,2020,4.46926286050301
1200,596011,4205274,2021,14.1835299321114
1201,606011,4205274,2021,19.0992680323266
1202,616011,4205274,2021,6.78657751631797
1203,626011,4205274,2019,12.9971261216021
1204,636011,4205274,2022,14.1597256856286
1205,236011,4215274,2015,21.7479489178131
1206,246011,4215274,2017,15.8194801135718
1207,256011,4215274,2016,7.8764254787623
1208,266011,4215274,2017,19.7033801327064
1209,276011,4215274,2016,7.51730110824776
1210,286011,4215274,2017,16.7589704861185
1211,296011,4215274,2017,15.0040195846454
1212,306011,4215274,2017,4.46238713715618
1213,316011,4215274,2017,14.1240551734115
1214,326011,4215274,2018,10.6006843702389
1215,336011,4215274,2022,6.38091700332834
1216,346011,4215274,2017,8.33977263738764
1217,356011,4215274,2019,16.5720023481534
1218,366011,4215274,2016,7.04214018946393
1219,376011,4215274,2014,21.7291535070085
1220,386011,4215274,2021,4.59123066670018
1221,396011,4215274,2022,11.3816590713264
1222,406011,4215274,2014,19.8128373177805
1223,416011,4215274,2019,20.0482855622143
1224,426011,4215274,2020,6.41341640594599
1225,436011,4215274,2015,14.1759133803848
1226,446011,4215274,2016,20.0816672663544
1227,456011,4215274,2022,16.1603784598937
1228,466011,4215274,2014,15.6747494189741
1229,476011,4215274,2015,22.1711464580835
1230,486011,4215274,2014,4.7896262347941
1231,496011,4215274,2021,6.82031464767383
1232,506011,4215274,2020,11.0720129585834
1233,516011,4215274,2017,11.9324011816417
1234,526011,4215274,2020,16.8238553981652
1235,536011,4215274,2020,9.72912935063312
1236,546011,4215274,2015,22.8449206507472
1237,556011,4215274,2021,23.6606783789486
1238,566011,4215274,2014,9.77534798485102
1239,576011,4215274,2015,12.2601025460176
1240,586011,4215274,2020,4.16184367982564
1241,596011,4215274,2020,12.0933641143271
1242,606011,4215274,2018,18.0579739714385
1243,616011,4215274,2018,22.3669022683763
1244,626011,4215274,2016,15.2627390240902
1245,636011,4215274,2014,5.30375752414974
1246,236011,4225274,2020,16.0632508875142
1247,246011,4225274,2019,12.4395471001042
1248,256011,4225274,2014,11.8901807644699
1249,266011,4225274,2016,18.5924951654543
1250,276011,4225274,2018,8.41302252660859
1251,286011,4225274,2021,20.4755964494877
1252,296011,4225274,2018,18.7637037553985
1253,306011,4225274,2014,18.0116892675071
1254,316011,4225274,2022,19.7212353350698
1255,326011,4225274,2015,23.5192255608538
1256,336011,4225274,2017,6.2095484882025
1257,346011,4225274,2015,10.7210690070739
1258,356011,4225274,2022,18.7881124148617
1259,366011,4225274,2017,21.5302113645042
1260,376011,4225274,2021,8.48640008679443
1261,386011,4225274,2019,17.817993189304
1262,396011,4225274,2022,18.5391998146127
1263,406011,4225274,2020,23.6424584383399
1264,416011,4225274,2017,4.95065833682311
1265,426011,4225274,2016,17.95801287634
1266,436011,4225274,2019,20.4762380428166
1267,446011,4225274,2018,21.9071785367166
1268,456011,4225274,2020,16.3468337540959
1269,466011,4225274,2019,17.908361925352
1270,476011,4225274,2022,8.99540360282863
1271,486011,4225274,2022,10.5059352506457
1272,496011,4225274,2019,18.8359910558465
1273,506011,4225274,2019,7.04692901080869
1274,516011,4225274,2020,9.77681689215616
1275,526011,4225274,2016,22.8681247180413
1276,536011,4225274,2022,13.9021309424769
1277,546011,4225274,2018,18.2808158830186
1278,556011,4225274,2022,13.2396227300603
1279,566011,4225274,2016,22.2358467978279
1280,576011,4225274,2019,22.5842037848304
1281,586011,4225274,2021,16.5404126287705
1282,596011,4225274,2016,9.8466510530439
1283,606011,4225274,2017,12.7525680423455
1284,616011,4225274,2017,19.1787613671222
1285,626011,4225274,2019,13.5623290460982
1286,636011,4225274,2021,5.85417258691177
1287,236011,4235274,2019,15.8546362687832
1288,246011,4235274,2018,14.9768006311106
1289,256011,4235274,2016,23.656720310443
1290,266011,4235274,2022,5.64817684360131
1291,276011,4235274,2014,23.4573879809554
1292,286011,4235274,2017,18.410756711995
1293,296011,4235274,2015,23.5643004293486
1294,306011,4235274,2016,21.9340882978865
1295,316011,4235274,2020,13.2505671886609
1296,326011,4235274,2016,23.1323140586963
1297,336011,4235274,2022,10.6213901798632
1298,346011,4235274,2018,7.43068392095928
1299,356011,4235274,2022,21.3624248967945
1300,366011,4235274,2019,7.34641722119048
1301,376011,4235274,2021,10.2096665027004
1302,386011,4235274,2022,18.4004017331921
1303,396011,4235274,2020,4.15675077229116
1304,406011,4235274,2015,4.93217014873344
1305,416011,4235274,2022,9.95909659410432
1306,426011,4235274,2014,13.2359971947728
1307,436011,4235274,2017,9.7625169092792
1308,446011,4235274,2017,19.5326169856823
1309,456011,4235274,2016,13.6866188945806
1310,466011,4235274,2017,16.3193490933623
1311,476011,4235274,2019,12.6730204746429
1312,486011,4235274,2022,5.1832446367577
1313,496011,4235274,2021,12.9392797735506
1314,506011,4235274,2016,16.1335300887538
1315,516011,4235274,2019,8.79807351633237
1316,526011,4235274,2020,21.053266781195
1317,536011,4235274,2017,7.35869019998149
1318,546011,4235274,2016,17.9641775861334
1319,556011,4235274,2021,13.9009707839747
1320,566011,4235274,2019,19.2482103732905
1321,576011,4235274,2022,21.0674809488177
1322,586011,4235274,2021,15.6927861408812
1323,596011,4235274,2016,4.39763221185653
1324,606011,4235274,2020,17.7980971317269
1325,616011,4235274,2017,16.0140871348156
1326,626011,4235274,2017,11.0230565665234
1327,636011,4235274,2020,22.6806814117649
1328,236011,4245274,2019,13.5740106366339
1329,246011,4245274,2017,13.004522948799
1330,256011,4245274,2020,14.0461638597436
1331,266011,4245274,2021,6.31549794137606
1332,276011,4245274,2015,17.2273257405886
1333,286011,4245274,2015,7.92563208479374
1334,296011,4245274,2015,15.4103825071352
1335,306011,4245274,2015,5.69508404685197
1336,316011,4245274,2019,17.3462444906616
1337,326011,4245274,2014,19.6426642651471
1338,336011,4245274,2015,19.5944123631869
1339,346011,4245274,2019,11.2213239700495
1340,356011,4245274,2019,18.5714274497608
1341,366011,4245274,2019,8.02020575205325
1342,376011,4245274,2019,19.0142816518049
1343,386011,4245274,2016,15.4053009434335
1344,396011,4245274,2017,18.1846079978565
1345,406011,4245274,2022,17.8623487820875
1346,416011,4245274,2014,7.72364482861011
1347,426011,4245274,2020,22.9958902614521
1348,436011,4245274,2018,6.82035200124216
1349,446011,4245274,2015,23.5179268927231
1350,456011,4245274,2021,13.0061719366289
1351,466011,4245274,2015,17.3894775074453
1352,476011,4245274,2018,20.8805422459356
1353,486011,4245274,2018,5.03788887656232
1354,496011,4245274,2021,17.3150242601772
1355,506011,4245274,2016,11.6060322185061
1356,516011,4245274,2017,17.5084770336593
1357,526011,4245274,2017,15.8063757425894
1358,536011,4245274,2020,23.7695561401501
1359,546011,4245274,2017,17.3710731749486
1360,556011,4245274,2019,21.7240300291959
1361,566011,4245274,2017,6.72063799315078
1362,576011,4245274,2018,23.6449004297364
1363,586011,4245274,2014,23.8995918994847
1364,596011,4245274,2021,20.2136619201873
1365,606011,4245274,2017,9.9577374436868
1366,616011,4245274,2017,22.9788868730052
1367,626011,4245274,2020,22.0980446349721
1368,636011,4245274,2020,12.0126728560226
1369,236011,4255274,2022,12.8351563768065
1370,246011,4255274,2018,10.748641016102
1371,256011,4255274,2021,19.8201063556751
1372,266011,4255274,2019,12.7242481326407
1373,276011,4255274,2014,18.2875027840017
1374,286011,4255274,2016,20.6537999053132
1375,296011,4255274,2020,16.8045255710876
1376,306011,4255274,2019,9.64347386926595
1377,316011,4255274,2015,5.68857826880878
1378,326011,4255274,2022,20.8224513199927
1379,336011,4255274,2015,17.2427412582486
1380,346011,4255274,2015,15.717891232777
1381,356011,4255274,2021,8.21395033996586
1382,366011,4255274,2016,4.47846373858841
1383,376011,4255274,2022,16.3812547746619
1384,386011,4255274,2017,19.4900203886045
1385,396011,4255274,2015,20.1968064681608
1386,406011,4255274,2021,8.32327125983398
1387,416011,4255274,2022,17.501542307065
1388,426011,4255274,2016,19.8138776539005
1389,436011,4255274,2017,6.79423543790018
1390,446011,4255274,2019,21.9971192392413
1391,456011,4255274,2014,7.58445901060897
1392,466011,4255274,2017,15.3743386398763
1393,476011,4255274,2021,8.90780931288595
1394,486011,4255274,2022,4.2550987849326
1395,496011,4255274,2018,22.9453199258257
1396,506011,4255274,2018,12.3997358703458
1397,516011,4255274,2021,23.5619405740684
1398,526011,4255274,2021,6.92103116244139
1399,536011,4255274,2016,21.929945938181
1400,546011,4255274,2018,16.1412539677376
1401,556011,4255274,2014,20.427968751729
1402,566011,4255274,2020,23.0075276438047
1403,576011,4255274,2022,14.8497763078441
1404,586011,4255274,2017,23.0051995401071
1405,596011,4255274,2014,22.2832870007425
1406,606011,4255274,2022,13.0864883177568
1407,616011,4255274,2019,18.5566466628834
1408,626011,4255274,2022,19.1811888940551
1409,636011,4255274,2020,23.8388834741924
1410,236011,4265274,2022,6.06472378260456
1411,246011,4275274,2016,9.28574452496241
1412,256011,4285274,2014,13.1986203028661
1413,266011,4295274,2017,4.95156824527901
1414,276011,4305274,2015,15.0028766263835
1415,286011,4315274,2017,9.73770331823334
1416,296011,4325274,2017,8.63509285955085
1417,306011,4335274,2020,9.96628589575961
1418,316011,4345274,2018,11.2118033898113
1419,326011,4355274,2020,14.2531363458733
1420,336011,4365274,2014,11.3977030131312
1421,346011,4375274,2018,20.6370752153134
1422,356011,4385274,2018,11.977135816566
1423,366011,4395274,2022,21.5434407826214
1424,376011,4405274,2019,23.2587267260555
1425,386011,4415274,2019,12.3760506915682
1426,396011,4425274,2020,23.9482066839916
1427,406011,4435274,2022,11.729517996942
1428,416011,4445274,2020,8.28343951386011
1429,426011,4455274,2019,14.8415677607168
1430,436011,4465274,2019,4.67972962052354
1431,446011,4475274,2015,11.3384458473093
1432,456011,4485274,2020,11.6409417250317
1433,466011,4495274,2015,21.3340995716511
1434,476011,4505274,2019,16.9642938881203
1435,486011,4515274,2017,18.3080387810002
1436,496011,4525274,2014,20.4694503313717
1437,506011,,2019,14.6003688918207
1438,516011,,2017,12.6718430642067
1439,526011,,2020,9.15444228888191
1440,536011,,2014,6.29701902082745
1441,546011,,2016,7.76831796405297
1442,556011,,2017,23.436199881828
1443,566011,,2022,23.3794533499965
1444,576011,,2014,8.62323257205242
1445,586011,,2021,16.0998713400733
1446,596011,,2017,16.1746430636007
1447,606011,,2018,23.4139006592268
1448,616011,,2017,5.12756104374352
1449,626011,,2022,6.28470932299463
1450,636011,,2018,6.0198691857214
1451,236011,4535274,2021,13.9711059651636
1452,246011,4535274,2017,16.262741517862
1453,256011,4535274,2014,12.3064373611099
1454,266011,4535274,2014,13.1186679507115
1455,276011,4535274,2016,19.620212513485
1456,286011,4535274,2020,14.9810278946597
1457,296011,4535274,2022,22.9437808169658
1458,306011,4535274,2022,23.7108131452095
1459,316011,4535274,2014,22.436010951269
1460,326011,4535274,2015,6.73903619869428
1461,336011,4535274,2017,8.49499216379009
1462,346011,4535274,2019,18.1962716578076
1463,356011,4535274,2016,5.70753638809371
1464,366011,4535274,2016,8.39266662526241
1465,376011,4535274,2016,16.5118932259928
1466,386011,4535274,2019,10.8967565135868
1467,396011,4535274,2021,22.0884243257997
1468,406011,4535274,2019,8.14964631327236
1469,416011,4535274,2014,18.898197622161
1470,426011,4535274,2019,18.5565762521198
1471,436011,4535274,2017,19.841803616147
1472,446011,4535274,2017,8.13680608456638
1473,456011,4535274,2020,14.326693793328
1474,466011,4535274,2021,4.008956561423
1475,476011,4535274,2016,4.59242711438248
1476,486011,4535274,2022,8.26488577068811
1477,496011,4535274,2014,8.0774754090113
1478,506011,4535274,2020,5.91928997592558
1479,516011,4535274,2015,5.07493778321369
1480,526011,4535274,2020,14.2496924879486
1481,536011,4535274,2019,15.982998358733
1482,546011,4535274,2021,18.8132965052279
1483,556011,4535274,2020,20.81375172003
1484,566011,4535274,2021,23.1555782316043
1485,576011,4535274,2022,10.4022207950977
1486,586011,4535274,2014,12.0137798875204
1487,596011,4535274,2014,12.0945117703416
1488,606011,4535274,2014,7.62018108391942
1489,616011,4535274,2016,6.23507855822096
1490,626011,4535274,2021,10.5500460453764
1491,636011,4535274,2021,6.81172962186552
1492,236011,4545274,2020,22.3282176918613
1493,246011,4545274,2015,11.1454179685643
1494,256011,4545274,2021,21.7198548806737
1495,266011,4545274,2021,19.5586914631522
1496,276011,4545274,2021,17.4724273544244
1497,286011,4545274,2016,23.6926402164983
1498,296011,4545274,2017,12.7077303261783
1499,306011,4545274,2019,4.22676603727684
1500,316011,4545274,2014,4.91375367883472
1501,326011,4545274,2017,8.61370774909821
1502,336011,4545274,2022,19.5119352360872
1503,346011,4545274,2016,5.11685914726823
1504,356011,4545274,2015,16.5751403048548
1505,366011,4545274,2015,21.2389045740563
1506,376011,4545274,2020,10.7535100029447
1507,386011,4545274,2021,19.9724097970553
1508,396011,4545274,2015,18.7306620339394
1509,406011,4545274,2016,8.2953961361096
1510,416011,4545274,2022,15.3435427162947
1511,426011,4545274,2020,23.6526074769415
1512,436011,4545274,2014,22.2499170150219
1513,446011,4545274,2015,7.56854607824952
1514,456011,4545274,2020,12.2054129579765
1515,466011,4545274,2016,15.2598410020163
1516,476011,4545274,2017,22.8807897536956
1517,486011,4545274,2021,16.2641782130388
1518,496011,4545274,2022,12.6056340395491
1519,506011,4545274,2018,18.7997934825982
1520,516011,4545274,2022,10.0401912359237
1521,526011,4545274,2016,15.9007889407613
1522,536011,4545274,2020,17.3686483353063
1523,546011,4545274,2017,10.5242945563527
1524,556011,4545274,2022,7.6841500557654
1525,566011,4545274,2020,20.4435029256995
1526,576011,4545274,2020,20.3087663345785
1527,586011,4545274,2015,14.2767080218096
1528,596011,4545274,2019,13.1187840423529
1529,606011,4545274,2015,14.1869553811875
1530,616011,4545274,2021,5.31953053023265
1531,626011,4545274,2015,23.2659577933285
1532,636011,4545274,2017,18.6389026123484
1533,236011,4555274,2020,6.46498585417861
1534,246011,4555274,2019,20.193982791858
1535,256011,4555274,2019,5.29693565408146
1536,266011,4555274,2021,7.51636028541343
1537,276011,4555274,2021,20.0842641357338
1538,286011,4555274,2019,15.2068047511491
1539,296011,4555274,2020,12.8677535444984
1540,306011,4555274,2015,4.02349023069525
1541,316011,4555274,2021,7.66541189185495
1542,326011,4555274,2015,4.03470915742451
1543,336011,4555274,2020,8.67658369727199
1544,346011,4555274,2018,18.2143441096179
1545,356011,4555274,2020,4.24220891603408
1546,366011,4555274,2016,4.38150221531178
1547,376011,4555274,2022,8.02903654999258
1548,386011,4555274,2018,22.5854814353145
1549,396011,4555274,2020,9.31410714347873
1550,406011,4555274,2014,14.3107806866886
1551,416011,4555274,2021,20.3307575499547
1552,426011,4555274,2014,4.80518305365869
1553,436011,4555274,2019,21.204685930146
1554,446011,4555274,2021,23.7660098393848
1555,456011,4555274,2021,17.8806934337023
1556,466011,4555274,2017,17.2055981108374
1557,476011,4555274,2018,22.1618671019046
1558,486011,4555274,2018,4.88756669013498
1559,496011,4555274,2021,23.1080530551621
1560,506011,4555274,2014,19.1606133907783
1561,516011,4555274,2015,11.2538253660444
1562,526011,4555274,2021,11.2106471660087
1563,536011,4555274,2021,11.2603503058497
1564,546011,4555274,2019,21.6199396025012
1565,556011,4555274,2021,10.1131985449208
1566,566011,4555274,2014,16.6299826373934
1567,576011,4555274,2020,5.4062248561734
1568,586011,4555274,2015,15.0169474282237
1569,596011,4555274,2018,20.386947317745
1570,606011,4555274,2015,15.3486973611305
1571,616011,4555274,2016,18.0812459618598
1572,626011,4555274,2022,7.4274051262752
1573,636011,4555274,2015,16.5903299699822
1574,236011,4565274,2021,15.6544102237694
1575,246011,4565274,2022,8.09717061634338
1576,256011,4565274,2016,21.2131920028046
1577,266011,4565274,2020,20.8826157836591
1578,276011,4565274,2019,11.3251916086232
1579,286011,4565274,2019,15.4129493817699
1580,296011,4565274,2021,12.7367546951433
1581,306011,4565274,2018,16.1493664545177
1582,316011,4565274,2019,20.4299264064302
1583,326011,4565274,2022,19.5753075932634
1584,336011,4565274,2021,18.1167038666984
1585,346011,4565274,2019,19.8229377352587
1586,356011,4565274,2017,17.0209809020669
1587,366011,4565274,2022,5.01292242772153
1588,376011,4565274,2019,7.20815294999989
1589,386011,4565274,2014,14.9540696999726
1590,396011,4565274,2017,8.13823584028302
1591,406011,4565274,2021,11.1904582310315
1592,416011,4565274,2015,17.1764985566835
1593,426011,4565274,2020,5.51448041270126
1594,436011,4565274,2018,7.70964850416228
1595,446011,4565274,2020,23.4009083951182
1596,456011,4565274,2018,11.0226651335649
1597,466011,4565274,2018,4.90900692322872
1598,476011,4565274,2014,12.8472553318183
1599,486011,4565274,2022,14.331174954621
1600,496011,4565274,2019,17.9525398198023
1601,506011,4565274,2014,18.3875735985125
1602,516011,4565274,2015,22.9203887508084
1603,526011,4565274,2014,4.30874250814888
1604,536011,4565274,2015,13.4021949941016
1605,546011,4565274,2019,18.3530263038342
1606,556011,4565274,2014,11.7287274928795
1607,566011,4565274,2016,19.2976659514065
1608,576011,4565274,2022,18.7809095843941
1609,586011,4565274,2022,11.4544001607013
1610,596011,4565274,2021,5.48621268662415
1611,606011,4565274,2017,7.50248313085213
1612,616011,4565274,2020,5.58515231918055
1613,626011,4565274,2022,21.6207010769212
1614,636011,4565274,2014,9.92982540764181
1615,236011,4575274,2018,20.3971110392325
1616,246011,4575274,2022,7.45166183225685
1617,256011,4575274,2018,22.1970371450175
1618,266011,4575274,2017,4.13177175148226
1619,276011,4575274,2015,8.72501931160021
1620,286011,4575274,2019,19.2500442055648
1621,296011,4575274,2021,4.75934458818394
1622,306011,4575274,2015,5.17973964052498
1623,316011,4575274,2022,12.5312650273112
1624,326011,4575274,2017,13.8583628234604
1625,336011,4575274,2015,15.8870854558338
1626,346011,4575274,2021,12.5030638429343
1627,356011,4575274,2017,19.245926483202
1628,366011,4575274,2018,17.6298389656549
1629,376011,4575274,2020,20.1863368033243
1630,386011,4575274,2019,14.2370817749488
1631,396011,4575274,2019,6.55054174405722
1632,406011,4575274,2020,21.945563050192
1633,416011,4575274,2017,4.21479233057105
1634,426011,4575274,2021,11.9160596208847
1635,436011,4575274,2017,18.6758488679037
1636,446011,4575274,2022,12.9003632933794
1637,456011,4575274,2022,12.3191135441518
1638,466011,4575274,2017,22.0497609186365
1639,476011,4575274,2016,19.9427701713487
1640,486011,4575274,2016,5.35321409081219
1641,496011,4575274,2020,15.2970552574878
1642,506011,4575274,2021,15.3561543824906
1643,516011,4575274,2021,23.8219331495913
1644,526011,4575274,2017,17.3301206741822
1645,536011,4575274,2014,23.1036567911525
1646,546011,4575274,2015,9.29737791638808
1647,556011,4575274,2015,6.74024351648538
1648,566011,4575274,2018,15.1012205090382
1649,576011,4575274,2016,7.07017463667469
1650,586011,4575274,2021,18.2324451649866
1651,596011,4575274,2016,4.51429984885206
1652,606011,4575274,2019,12.4717018347543
1653,616011,4575274,2015,16.6304004789266
1654,626011,4575274,2022,18.5787336143481
1655,636011,4575274,2022,14.316675430278
1656,236011,4585274,2016,4.60463302752584
1657,246011,4585274,2018,17.0626572779202
1658,256011,4585274,2016,11.2934824652397
1659,266011,4585274,2020,14.0029438597795
1660,276011,4585274,2019,15.555468801328
1661,286011,4585274,2021,22.7005747783279
1662,296011,4585274,2019,17.3344081269535
1663,306011,4585274,2018,9.8937866212567
1664,316011,4585274,2022,7.97666510401784
1665,326011,4585274,2019,9.15963647617415
1666,336011,4585274,2014,4.91952679270062
1667,346011,4585274,2016,6.55466260881435
1668,356011,4585274,2017,19.2669001459474
1669,366011,4585274,2016,11.1045294940703
1670,376011,4585274,2014,17.338394564867
1671,386011,4585274,2016,17.9032930989926
1672,396011,4585274,2019,10.5487429083261
1673,406011,4585274,2020,12.3200058904153
1674,416011,4585274,2020,9.93638608944209
1675,426011,4585274,2018,22.9989458119398
1676,436011,4585274,2016,20.2172146105841
1677,446011,4585274,2018,10.1732616745265
1678,456011,4585274,2017,5.41868356809225
1679,466011,4585274,2020,13.0535389969528
1680,476011,4585274,2018,14.5714264226977
1681,486011,4585274,2022,13.8801708224982
1682,496011,4585274,2018,21.2819464483372
1683,506011,4585274,2019,9.28988137347949
1684,516011,4585274,2018,6.48840754807132
1685,526011,4585274,2015,5.46905445691391
1686,536011,4585274,2014,19.180111163795
1687,546011,4585274,2021,5.63669835632314
1688,556011,4585274,2020,13.7531307392416
1689,566011,4585274,2020,15.8738390697806
1690,576011,4585274,2018,15.1103535786844
1691,586011,4585274,2019,10.7695858751105
1692,596011,4585274,2020,8.83664935283403
1693,606011,4585274,2018,16.3680791905347
1694,616011,4585274,2020,20.1526568232968
1695,626011,4585274,2019,22.8380171391865
1696,636011,4585274,2021,20.2147942893868
1697,236011,4595274,2014,13.280518128287
1698,246011,4595274,2022,18.7577364275833
1699,256011,4595274,2015,22.1122524658872
1700,266011,4595274,2018,20.809974244389
1701,276011,4595274,2015,4.12343971203046
1702,286011,4595274,2018,5.47976251930317
1703,296011,4595274,2020,7.5937820044225
1704,306011,4595274,2014,15.8445777508135
1705,316011,4595274,2018,20.4992660009523
1706,326011,4595274,2015,5.2685957204546
1707,336011,4595274,2018,13.674291399758
1708,346011,4595274,2021,17.0132921123429
1709,356011,4595274,2020,17.7972812373691
1710,366011,4595274,2022,4.81232852733283
1711,376011,4595274,2015,10.4922527740096
1712,386011,4595274,2021,11.4644240708568
1713,396011,4595274,2022,20.3014764026952
1714,406011,4595274,2016,19.4555972065712
1715,416011,4595274,2022,11.8192541796824
1716,426011,4595274,2018,15.7570092430895
1717,436011,4595274,2021,4.3635352071364
1718,446011,4595274,2018,7.57667536507739
1719,456011,4595274,2014,16.1000011269806
1720,466011,4595274,2022,19.5806203509938
1721,476011,4595274,2014,23.1714942758618
1722,486011,4595274,2022,11.7932289462639
1723,496011,4595274,2016,12.27429842421
1724,506011,4595274,2014,15.1167862428957
1725,516011,4595274,2022,21.6261121285291
1726,526011,4595274,2020,11.2457884898951
1727,536011,4595274,2016,21.8742991328484
1728,546011,4595274,2021,4.27932123402602
1729,556011,4595274,2014,7.89756531565675
1730,566011,4595274,2022,17.0276431650505
1731,576011,4595274,2016,10.524215994243
1732,586011,4595274,2019,15.4262322992448
1733,596011,4595274,2021,10.8295672395854
1734,606011,4595274,2021,8.36331008116949
1735,616011,4595274,2014,17.9504034189032
1736,626011,4595274,2017,18.7733817158201
1737,636011,4595274,2015,19.9637745615983
1738,236011,4605274,2016,8.58744570560701
1739,246011,4605274,2021,9.04991329091537
1740,256011,4605274,2018,20.506587859966
1741,266011,4605274,2016,21.4109821148489
1742,276011,4605274,2019,11.6794872098271
1743,286011,4605274,2021,4.98719393931906
1744,296011,4605274,2014,21.2794761661876
1745,306011,4605274,2021,8.14466026099446
1746,316011,4605274,2019,16.0331527194406
1747,326011,4605274,2021,23.9723037626214
1748,336011,4605274,2015,14.5072231588585
1749,346011,4605274,2021,15.6466730081495
1750,356011,4605274,2018,16.8773098445128
1751,366011,4605274,2020,11.400882065548
1752,376011,4605274,2019,9.33295465689255
1753,386011,4605274,2021,20.7569845360106
1754,396011,4605274,2021,14.8935516818841
1755,406011,4605274,2017,6.55066714168166
1756,416011,4605274,2017,6.80929375618759
1757,426011,4605274,2015,6.65223439700994
1758,436011,4605274,2015,11.2766567017869
1759,446011,4605274,2018,15.8188798593014
1760,456011,4605274,2020,14.9650380482305
1761,466011,4605274,2014,23.1119340568313
1762,476011,4605274,2020,9.94829936763821
1763,486011,4605274,2015,22.55338449491
1764,496011,4605274,2016,4.15790595841278
1765,506011,4605274,2019,10.5528708247714
1766,516011,4605274,2021,20.9384102461788
1767,526011,4605274,2019,5.87799888405655
1768,536011,4605274,2020,21.666078216318
1769,546011,4605274,2014,19.5070462518133
1770,556011,4605274,2018,15.6912610041352
1771,566011,4605274,2018,6.77892282369196
1772,576011,4605274,2018,6.43746329789681
1773,586011,4605274,2020,22.9457079036716
1774,596011,4605274,2015,4.63555531551331
1775,606011,4605274,2018,8.46197826359278
1776,616011,4605274,2015,5.88082240206687
1777,626011,4605274,2020,22.3559295247269
1778,636011,4605274,2022,9.34321918712052
1779,236011,4615274,2019,21.7743200815757
1780,246011,4615274,2021,23.5969168692689
1781,256011,4615274,2016,13.3280926562137
1782,266011,4615274,2015,10.5535092008217
1783,276011,4615274,2017,4.35669374003903
1784,286011,4615274,2014,21.1844145128408
1785,296011,4615274,2014,15.2542274941492
1786,306011,4615274,2015,19.8209027276256
1787,316011,4615274,2019,8.8100716423939
1788,326011,4615274,2018,10.9236227111938
1789,336011,4615274,2016,22.8680374260846
1790,346011,4615274,2019,13.646426629335
1791,356011,4615274,2014,18.1285293933416
1792,366011,4615274,2016,18.7467775557219
1793,376011,4615274,2016,4.94400446982229
1794,386011,4615274,2016,4.18481799430315
1795,396011,4615274,2016,20.0010385335366
1796,406011,4615274,2020,20.051176643659
1797,416011,4615274,2019,23.0288277372146
1798,426011,4615274,2019,23.255156446624
1799,436011,4615274,2016,5.09301752035211
1800,446011,4615274,2018,20.6834505417228
1801,456011,4615274,2018,5.16897824743147
1802,466011,4615274,2020,16.0426007043923
1803,476011,4615274,2019,5.61270765089341
1804,486011,4615274,2022,5.44679897424752
1805,496011,4615274,2015,17.0566024085007
1806,506011,4615274,2017,8.76580570492012
1807,516011,4615274,2018,22.0166168963027
1808,526011,4615274,2016,23.7811032451934
1809,536011,4615274,2018,6.90104096973024
1810,546011,4615274,2014,17.8976853864048
1811,556011,4615274,2019,11.6001111526288
1812,566011,4615274,2022,11.8129585742875
1813,576011,4615274,2017,19.4178399474915
1814,586011,4615274,2021,5.70945044958766
1815,596011,4615274,2022,5.39755089778615
1816,606011,4615274,2016,4.00322142569652
1817,616011,4615274,2016,22.267280160654
1818,626011,4615274,2021,20.6845708124408
1819,636011,4615274,2018,21.5368023145076
1820,236011,4625274,2022,13.3137106166073
1821,246011,4625274,2019,17.5310998389609
1822,256011,4625274,2021,13.1719697986112
1823,266011,4625274,2021,4.12528901768482
1824,276011,4625274,2022,15.4157405417574
1825,286011,4625274,2020,7.91042767607128
1826,296011,4625274,2018,8.97654651093069
1827,306011,4625274,2016,16.2566907142009
1828,316011,4625274,2017,23.6182985850639
1829,326011,4625274,2017,22.6003464888959
1830,336011,4625274,2017,15.8109296440374
1831,346011,4625274,2019,4.09085185986446
1832,356011,4625274,2014,7.49495494455494
1833,366011,4625274,2014,8.71970215156001
1834,376011,4625274,2019,22.4451555564927
1835,386011,4625274,2017,22.2880756331226
1836,396011,4625274,2019,18.0596987463817
1837,406011,4625274,2020,17.4558591935843
1838,416011,4625274,2019,7.34604663604225
1839,426011,4625274,2018,15.2051946934753
1840,436011,4625274,2022,21.2986563194172
1841,446011,4625274,2020,21.0799823112447
1842,456011,4625274,2021,14.8988588164914
1843,466011,4625274,2022,14.1620021013124
1844,476011,4625274,2018,23.3121487139444
1845,486011,4625274,2019,7.15090556766759
1846,496011,4625274,2020,5.12135208514733
1847,506011,4625274,2015,6.12247231621512
1848,516011,4625274,2016,21.1845366202048
1849,526011,4625274,2016,15.0801367535112
1850,536011,4625274,2019,6.49645586546204
1851,546011,4625274,2014,5.13494878613977
1852,556011,4625274,2014,15.2458938915989
1853,566011,4625274,2020,11.0981739488124
1854,576011,4625274,2017,20.8774321968725
1855,586011,4625274,2016,7.89801672859774
1856,596011,4625274,2014,21.7957319295245
1857,606011,4625274,2017,18.5053867929316
1858,616011,4625274,2021,11.2037740436254
1859,626011,4625274,2014,15.3508910510809
1860,636011,4625274,2016,13.9963539909215
1861,236011,4635274,2018,22.6544312602558
1862,246011,4635274,2019,22.0723452620863
1863,256011,4635274,2017,4.38426728113772
1864,266011,4635274,2016,6.93672906503407
1865,276011,4635274,2017,12.489253408736
1866,286011,4635274,2019,20.4621482052674
1867,296011,4635274,2020,18.9031705929665
1868,306011,4635274,2015,4.74601179552759
1869,316011,4635274,2021,11.7511621072508
1870,326011,4635274,2022,14.9403157063901
1871,336011,4635274,2015,7.04181526673502
1872,346011,4635274,2016,6.47452093864071
1873,356011,4635274,2017,23.130543047004
1874,366011,4635274,2017,11.2959658547099
1875,376011,4635274,2018,11.5665775723641
1876,386011,4635274,2022,10.3434394977061
1877,396011,4635274,2017,14.3042379783504
1878,406011,4635274,2021,9.5483954033466
1879,416011,4635274,2017,10.6237213684463
1880,426011,4635274,2018,7.4955065535059
1881,436011,4635274,2015,8.94211908616174
1882,446011,4635274,2020,20.7139530719228
1883,456011,4635274,2022,23.1340611548501
1884,466011,4635274,2018,5.43636436519778
1885,476011,4635274,2022,15.6198464047508
1886,486011,4635274,2016,9.03579646571043
1887,496011,4635274,2020,19.01103325121
1888,506011,4635274,2014,15.8035526058488
1889,516011,4635274,2015,20.616480546459
1890,526011,4635274,2018,16.8676228900471
1891,536011,4635274,2014,14.0213213515192
1892,546011,4635274,2020,17.6567830795158
1893,556011,4635274,2016,17.5425887766041
1894,566011,4635274,2019,11.5063264916139
1895,576011,4635274,2018,4.06562585056638
1896,586011,4635274,2016,21.3444899216578
1897,596011,4635274,2020,17.2586929736956
1898,606011,4635274,2014,14.276342876902
1899,616011,4635274,2022,4.95272700858026
1900,626011,4635274,2014,9.8212753737234
1901,636011,4635274,2014,5.00876216400889
1902,236011,4645274,2020,12.3823651202213
1903,246011,4645274,2022,10.4928448573583
1904,256011,4645274,2020,4.41435856856977
1905,266011,4645274,2022,9.69845456147883
1906,276011,4645274,2019,12.3117605432157
1907,286011,4645274,2021,19.009547911971
1908,296011,4645274,2021,9.30934686106041
1909,306011,4645274,2022,13.0759813071832
1910,316011,4645274,2017,10.3958410253858
1911,326011,4645274,2020,20.3328789272806
1912,336011,4645274,2015,22.9230101877331
1913,346011,4645274,2020,7.97474973682552
1914,356011,4645274,2019,11.4787456667307
1915,366011,4645274,2022,15.6770832052615
1916,376011,4645274,2021,21.5235469973353
1917,386011,4645274,2019,23.1496157961579
1918,396011,4645274,2016,23.6523782300114
1919,406011,4645274,2022,6.25122972589095
1920,416011,4645274,2020,18.9064739585792
1921,426011,4645274,2014,9.12155340337806
1922,436011,4645274,2015,18.9094916852069
1923,446011,4645274,2014,15.9312574569503
1924,456011,4645274,2022,8.87999837507299
1925,466011,4645274,2020,19.8683497029177
1926,476011,4645274,2016,19.1064583537099
1927,486011,4645274,2017,12.0710501993655
1928,496011,4645274,2016,8.33487877482281
1929,506011,4645274,2014,6.73857658330648
1930,516011,4645274,2020,4.74491965050125
1931,526011,4645274,2022,4.17302839762781
1932,536011,4645274,2021,12.9172751851881
1933,546011,4645274,2015,11.5852111532635
1934,556011,4645274,2017,11.9670291617026
1935,566011,4645274,2017,9.3598862490211
1936,576011,4645274,2020,6.74759916299432
1937,586011,4645274,2015,19.0182306474924
1938,596011,4645274,2021,16.2712598606614
1939,606011,4645274,2019,6.75924072103121
1940,616011,4645274,2017,13.8751753364711
1941,626011,4645274,2021,22.9474664057259
1942,636011,4645274,2018,9.04366491762478
1943,236011,4655274,2019,15.5011658574427
1944,246011,4655274,2020,20.7721476309622
1945,256011,4655274,2014,21.603939179635
1946,266011,4655274,2017,14.4771864529144
1947,276011,4655274,2015,4.15275788493636
1948,286011,4655274,2021,17.5050282931186
1949,296011,4655274,2016,13.6161711977591
1950,306011,4655274,2020,12.2769055341487
1951,316011,4655274,2018,7.24198600062161
1952,326011,4655274,2017,20.5360653457697
1953,336011,4655274,2014,9.37474268859116
1954,346011,4655274,2015,18.7938547374464
1955,356011,4655274,2021,17.3763038421753
1956,366011,4655274,2022,8.17584165692057
1957,376011,4655274,2020,20.7206829490762
1958,386011,4655274,2021,14.6831054199682
1959,396011,4655274,2017,5.69567207900581
1960,406011,4655274,2019,17.7178636527881
1961,416011,4655274,2022,7.2466224380032
1962,426011,4655274,2021,7.64477956011575
1963,436011,4655274,2016,10.1328692307288
1964,446011,4655274,2018,20.5089476386386
1965,456011,4655274,2014,6.81732593642394
1966,466011,4655274,2022,7.1632052172967
1967,476011,4655274,2014,6.52689466388432
1968,486011,4655274,2021,19.7850981860892
1969,496011,4655274,2018,17.1384738033131
1970,506011,4655274,2016,4.8951189297582
1971,516011,4655274,2021,6.55988602607012
1972,526011,4655274,2014,18.2830907888427
1973,536011,4655274,2022,18.1135404170355
1974,546011,4655274,2018,14.5488092687273
1975,556011,4655274,2020,22.0814623181341
1976,566011,4655274,2019,21.4929013430523
1977,576011,4655274,2019,21.2334057969729
1978,586011,4655274,2019,4.96714399622668
1979,596011,4655274,2018,5.20246207949002
1980,606011,4655274,2015,12.8062215028616
1981,616011,4655274,2020,5.43912409430172
1982,626011,4655274,2016,5.4525852894571
1983,636011,4655274,2022,23.3097096679346
1984,236011,4665274,2019,14.2090743823031
1985,246011,4665274,2018,19.770587151969
1986,256011,4665274,2021,23.0884378905867
1987,266011,4665274,2019,7.57107999835413
1988,276011,4665274,2019,16.0794549246561
1989,286011,4665274,2022,6.58802018191103
1990,296011,4665274,2018,20.7367911281591
1991,306011,4665274,2022,10.464271499325
1992,316011,4665274,2020,12.2750328997465
1993,326011,4665274,2019,15.4153925930408
1994,336011,4665274,2016,6.02402172057522
1995,346011,4665274,2017,11.8096404233978
1996,356011,4665274,2022,5.65286607926649
1997,366011,4665274,2017,12.5503576238186
1998,376011,4665274,2020,18.7907152001197
1999,386011,4665274,2020,15.1123812845666
2000,396011,4665274,2021,17.8674299887865
2001,406011,4665274,2022,17.2754761032107
2002,416011,4665274,2017,6.10966658756495
2003,426011,4665274,2020,22.6513350541446
2004,436011,4665274,2022,7.37161457524098
2005,446011,4665274,2022,12.8296098527739
2006,456011,4665274,2016,10.4750295385783
2007,466011,4665274,2020,10.9905576449099
2008,476011,4665274,2015,21.0282255051163
2009,486011,4665274,2015,8.60411527007418
2010,496011,4665274,2015,16.0070019613438
2011,506011,4665274,2020,11.7250441785698
2012,516011,4665274,2020,13.5643592541885
2013,526011,4665274,2019,7.52535952565361
2014,536011,4665274,2021,20.6949197511502
2015,546011,4665274,2015,10.9223276430948
2016,556011,4665274,2015,16.9000090062985
2017,566011,4665274,2020,7.67152876485796
2018,576011,4665274,2018,7.70724140526796
2019,586011,4665274,2015,20.3381953302086
2020,596011,4665274,2021,15.4812804830945
2021,606011,4665274,2018,5.30917269981489
2022,616011,4665274,2017,9.70409269318832
2023,626011,4665274,2021,12.6289991059441
2024,636011,4665274,2015,9.6856822259686
2025,236011,4675274,2022,18.4595131613555
2026,246011,4675274,2019,18.1517850508821
2027,256011,4675274,2016,16.1194584717219
2028,266011,4675274,2017,6.44542652781983
2029,276011,4675274,2014,23.7654049165328
2030,286011,4675274,2022,14.5031320048259
2031,296011,4675274,2017,15.2905176028008
2032,306011,4675274,2015,20.270450494677
2033,316011,4675274,2015,7.19785021255788
2034,326011,4675274,2017,13.0015313337631
2035,336011,4675274,2017,11.9390864886411
2036,346011,4675274,2019,9.16670106586849
2037,356011,4675274,2016,16.8260664341281
2038,366011,4675274,2016,14.2960687204708
2039,376011,4675274,2015,10.2120331608722
2040,386011,4675274,2022,9.16366022981488
2041,396011,4675274,2017,16.4190721997441
2042,406011,4675274,2019,23.8993027347263
2043,416011,4675274,2016,21.0006833829097
2044,426011,4675274,2022,15.4485897513865
2045,436011,4675274,2016,8.89117075709957
2046,446011,4675274,2017,16.9425950955761
2047,456011,4675274,2015,11.3812308743108
2048,466011,4675274,2020,14.1455026359828
2049,476011,4675274,2021,17.65586607111
2050,486011,4675274,2022,7.13333915589841
2051,496011,4675274,2020,18.4334284980472
2052,506011,4675274,2018,5.34262479977547
2053,516011,4675274,2019,14.1759403582764
2054,526011,4675274,2019,19.1429772266881
2055,536011,4675274,2016,10.3252762753915
2056,546011,4675274,2016,10.941193103376
2057,556011,4675274,2020,5.42133227922277
2058,566011,4675274,2018,9.63661688498676
2059,576011,4675274,2020,15.4288873879977
2060,586011,4675274,2015,18.2834307120611
2061,596011,4675274,2020,20.3047011146417
2062,606011,4675274,2020,13.7338028059629
2063,616011,4675274,2017,20.0779195391661
2064,626011,4675274,2015,4.58426224932881
2065,636011,4675274,2014,19.4943201706416
2066,236011,4685274,2019,6.98880692747026
2067,246011,4685274,2020,5.05357849388639
2068,256011,4685274,2021,9.11770871255158
2069,266011,4685274,2016,18.8053070025295
2070,276011,4685274,2014,5.43659175833137
2071,286011,4685274,2022,11.2387861546761
2072,296011,4685274,2017,11.7860628723595
2073,306011,4685274,2022,10.5353620661629
2074,316011,4685274,2019,10.1123579662921
2075,326011,4685274,2020,5.42083415769583
2076,336011,4685274,2020,17.9218148472404
2077,346011,4685274,2014,5.61834469410856
2078,356011,4685274,2014,6.81823981797143
2079,366011,4685274,2019,23.9693695004381
2080,376011,4685274,2017,4.31858977449638
2081,386011,4685274,2020,9.405079867589
2082,396011,4685274,2020,5.32470017383847
2083,406011,4685274,2016,17.0527003513358
2084,416011,4685274,2014,15.3203667986868
2085,426011,4685274,2017,20.1664431641402
2086,436011,4685274,2017,10.1213676665181
2087,446011,4685274,2019,16.5780004085405
2088,456011,4685274,2016,8.85239746842582
2089,466011,4685274,2021,13.149127416934
2090,476011,4685274,2016,10.6689688963329
2091,486011,4685274,2021,5.77215421426526
2092,496011,4685274,2020,5.39648901595571
2093,506011,4685274,2017,16.9233697225389
2094,516011,4685274,2016,23.5256625112037
2095,526011,4685274,2017,20.6415951473866
2096,536011,4685274,2015,20.288542231001
2097,546011,4685274,2018,21.0716800415812
2098,556011,4685274,2019,12.2906814199244
2099,566011,4685274,2014,4.94538645294572
2100,576011,4685274,2017,20.322469511072
2101,586011,4685274,2020,11.7887358884328
2102,596011,4685274,2018,13.6512226309878
2103,606011,4685274,2017,23.0708409448509
2104,616011,4685274,2020,6.60786713351331
2105,626011,4685274,2020,15.422815981026
2106,636011,4685274,2022,10.3485132450002
2107,236011,4695274,2018,10.2964480416353
2108,246011,4695274,2022,9.03844996886833
2109,256011,4695274,2014,17.6479792090011
2110,266011,4695274,2022,19.8801027022601
2111,276011,4695274,2014,16.9467491799237
2112,286011,4695274,2016,9.29088998240948
2113,296011,4695274,2017,18.1479381915555
2114,306011,4695274,2017,9.24066090397483
2115,316011,4695274,2018,15.0232888399756
2116,326011,4695274,2015,22.418419260723
2117,336011,4695274,2022,23.2796240136663
2118,346011,4695274,2018,21.7953847389471
2119,356011,4695274,2014,15.1971528378527
2120,366011,4695274,2015,14.7147052697306
2121,376011,4695274,2020,17.6497584980379
2122,386011,4695274,2017,14.4455337458404
2123,396011,4695274,2016,23.4744580914418
2124,406011,4695274,2018,16.2385417780586
2125,416011,4695274,2021,7.82310922050492
2126,426011,4695274,2016,19.139976676156
2127,436011,4695274,2014,23.7530649290752
2128,446011,4695274,2014,7.85682190702956
2129,456011,4695274,2018,12.8926480004308
2130,466011,4695274,2016,19.3472583047204
2131,476011,4695274,2015,8.52371254092564
2132,486011,4695274,2017,14.6660534718574
2133,496011,4695274,2022,7.15890681672502
2134,506011,4695274,2018,10.8296281929498
2135,516011,4695274,2020,19.985723742574
2136,526011,4695274,2014,5.71416438314262
2137,536011,4695274,2017,16.1535676899318
2138,546011,4695274,2017,14.0136605223909
2139,556011,4695274,2016,8.2118068781522
2140,566011,4695274,2022,16.8649983980337
2141,576011,4695274,2018,21.3272257071229
2142,586011,4695274,2014,6.15582902026312
2143,596011,4695274,2021,19.8961355475742
2144,606011,4695274,2016,19.6029583046076
2145,616011,4695274,2018,7.74742487858533
2146,626011,4695274,2015,8.36737000457417
2147,636011,4695274,2016,14.6160056377204
2148,236011,4705274,2019,19.9632718353819
2149,246011,4705274,2021,17.8379878832467
2150,256011,4705274,2014,5.50476518815968
2151,266011,4705274,2016,6.0835947809395
2152,276011,4705274,2016,9.25848039763478
2153,286011,4705274,2021,17.9719875320269
2154,296011,4705274,2015,20.5585213638935
2155,306011,4705274,2014,7.81202679571699
2156,316011,4705274,2018,5.5260601002257
2157,326011,4705274,2021,6.8212695364028
2158,336011,4705274,2014,16.8192052554007
2159,346011,4705274,2015,21.4459162770592
2160,356011,4705274,2019,6.22003554989227
2161,366011,4705274,2016,23.8574011946418
2162,376011,4705274,2015,20.6807767604483
2163,386011,4705274,2015,22.7108631997745
2164,396011,4705274,2014,21.5428164064313
2165,406011,4705274,2018,23.7057626430982
2166,416011,4705274,2020,15.7806261062981
2167,426011,4705274,2016,18.3169213870433
2168,436011,4705274,2019,12.6311514161556
2169,446011,4705274,2014,19.5389851525459
2170,456011,4705274,2015,17.5013935224193
2171,466011,4705274,2016,5.73696584539048
2172,476011,4705274,2018,11.5637467756916
2173,486011,4705274,2019,14.9809028718371
2174,496011,4705274,2021,21.5859968410587
2175,506011,4705274,2017,6.72892725906666
2176,516011,4705274,2017,20.4494114713018
2177,526011,4705274,2018,22.6179039912358
2178,536011,4705274,2016,19.9501538478382
2179,546011,4705274,2022,9.86365664012869
2180,556011,4705274,2014,6.87958357172977
2181,566011,4705274,2022,15.6700109403988
2182,576011,4705274,2017,6.29967207589611
2183,586011,4705274,2019,5.52127044920211
2184,596011,4705274,2019,15.4364040209842
2185,606011,4705274,2020,8.40313189371628
2186,616011,4705274,2019,10.3750644571542
2187,626011,4705274,2021,9.79234903524741
2188,636011,4705274,2014,6.2381492042738
2189,236011,4715274,2014,12.5605638910926
2190,246011,4715274,2021,4.76180430071394
2191,256011,4715274,2021,19.9200405180617
2192,266011,4715274,2016,16.1835564495018
2193,276011,4715274,2016,12.6285857280865
2194,286011,4715274,2016,22.3084412976896
2195,296011,4715274,2021,11.6214132499395
2196,306011,4715274,2019,14.8098029493547
2197,316011,4715274,2016,6.76602061894243
2198,326011,4715274,2022,16.1215704131337
2199,336011,4715274,2015,14.1455943122254
2200,346011,4715274,2014,22.0580292823364
2201,356011,4715274,2022,20.9128521659308
2202,366011,4715274,2020,6.51512880095479
2203,376011,4715274,2021,21.2425291813421
2204,386011,4715274,2018,10.0430288515729
2205,396011,4715274,2016,11.9868371504048
2206,406011,4715274,2014,11.4461054826954
2207,416011,4715274,2022,21.4499191864313
2208,426011,4715274,2022,20.0627449321314
2209,436011,4715274,2016,12.4547028619485
2210,446011,4715274,2018,5.06038859862509
2211,456011,4715274,2018,7.58638862121377
2212,466011,4715274,2017,6.56330396916595
2213,476011,4715274,2014,15.3125995888562
2214,486011,4715274,2022,16.969586147389
2215,496011,4715274,2016,22.3221794599627
2216,506011,4715274,2021,22.7645569958434
2217,516011,4715274,2014,22.9989934917975
2218,526011,4715274,2014,17.7633861307836
2219,536011,4715274,2020,22.933466217818
2220,546011,4715274,2015,13.8050659339985
2221,556011,4715274,2018,17.2959110307072
2222,566011,4715274,2018,20.8547149066119
2223,576011,4715274,2016,23.6031260291737
2224,586011,4715274,2016,4.67612479958462
2225,596011,4715274,2021,19.9416798075765
2226,606011,4715274,2015,20.2904946676358
2227,616011,4715274,2015,20.8340387021978
2228,626011,4715274,2018,15.1485013643328
2229,636011,4715274,2022,11.5923147089922
2230,236011,4725274,2021,12.79297252236
2231,246011,4725274,2015,15.1815348193938
2232,256011,4725274,2017,16.2715865738083
2233,266011,4725274,2020,12.0192446196287
2234,276011,4725274,2022,13.2073366867526
2235,286011,4725274,2015,16.9538012924819
2236,296011,4725274,2016,20.8286282813254
2237,306011,4725274,2018,8.11487172009866
2238,316011,4725274,2021,18.3457290170819
2239,326011,4725274,2019,16.9731341192208
2240,336011,4725274,2020,23.6405080948827
2241,346011,4725274,2015,15.6977823481464
2242,356011,4725274,2022,9.74224301794436
2243,366011,4725274,2017,21.4950355178022
2244,376011,4725274,2020,16.1255166534949
2245,386011,4725274,2017,4.70055792693252
2246,396011,4725274,2020,14.1525025541778
2247,406011,4725274,2018,21.8430138612419
2248,416011,4725274,2014,21.2944538299248
2249,426011,4725274,2015,11.5022349637188
2250,436011,4725274,2020,21.7098862267085
2251,446011,4725274,2015,14.6999680050418
2252,456011,4725274,2020,11.0080049762481
2253,466011,4725274,2016,16.1085211032083
2254,476011,4725274,2018,12.0978489720755
2255,486011,4725274,2015,5.63539975704175
2256,496011,4725274,2018,16.4385554317641
2257,506011,4725274,2019,19.1311221158878
2258,516011,4725274,2021,21.336714521093
2259,526011,4725274,2021,23.5045398601592
2260,536011,4725274,2022,4.85736388605669
2261,546011,4725274,2018,21.9336721399938
2262,556011,4725274,2020,12.139507789196
2263,566011,4725274,2017,8.36705634098678
2264,576011,4725274,2021,4.33448824233163
2265,586011,4725274,2015,22.4232342229508
2266,596011,4725274,2015,22.6715054130244
2267,606011,4725274,2021,17.523696065928
2268,616011,4725274,2021,18.9417020488307
2269,626011,4725274,2014,12.4919663967955
2270,636011,4725274,2021,22.9618916136586
2271,236011,4735274,2015,5.93004430625898
2272,246011,4735274,2014,15.0470082111898
2273,256011,4735274,2017,4.01465853331252
2274,266011,4735274,2018,14.9559520830032
2275,276011,4735274,2015,9.74810490326374
2276,286011,4735274,2014,22.434144554825
2277,296011,4735274,2022,14.7166438444635
2278,306011,4735274,2017,10.3909782401264
2279,316011,4735274,2020,15.0609852542883
2280,326011,4735274,2021,12.7240766753498
2281,336011,4735274,2018,8.65003844325427
2282,346011,4735274,2014,10.3154825676648
2283,356011,4735274,2016,8.98897094302835
2284,366011,4735274,2014,12.3478953056833
2285,376011,4735274,2020,21.9240269543067
2286,386011,4735274,2018,13.9701319604133
2287,396011,4735274,2022,19.1013329971725
2288,406011,4735274,2017,4.40964370362236
2289,416011,4735274,2019,5.90161094456511
2290,426011,4735274,2019,23.0371557373306
2291,436011,4735274,2018,22.0171301832767
2292,446011,4735274,2017,5.53144478346773
2293,456011,4735274,2020,7.98338160090774
2294,466011,4735274,2015,15.9354804370855
2295,476011,4735274,2022,18.0936948223373
2296,486011,4735274,2021,11.7161765147004
2297,496011,4735274,2016,7.29900897439266
2298,506011,4735274,2022,22.8595936283976
2299,516011,4735274,2016,20.0408920418556
2300,526011,4735274,2015,5.88224566857645
2301,536011,4735274,2016,7.95920870313167
2302,546011,4735274,2014,21.7899959196413
2303,556011,4735274,2020,22.6141366845062
2304,566011,4735274,2022,13.4809516716804
2305,576011,4735274,2021,7.42873985487332
2306,586011,4735274,2020,4.33588550834856
2307,596011,4735274,2019,13.720659671444
2308,606011,4735274,2016,16.4410394713676
2309,616011,4735274,2018,21.516321039374
2310,626011,4735274,2017,7.19358556860077
2311,636011,4735274,2018,20.3952235469699
2312,236011,4735274,2021,10.8603852692945
2313,246011,4735274,2021,15.730223417667
2314,256011,4735274,2015,20.5101318049909
2315,266011,4735274,2022,23.1857351311294
2316,276011,4735274,2020,9.1243220548215
2317,286011,4735274,2016,23.120657220295
2318,296011,4735274,2017,20.1265898881817
2319,306011,4735274,2014,22.689350620844
2320,316011,4735274,2018,19.8528485207861
2321,326011,4735274,2020,8.33635091030502
2322,336011,4735274,2021,6.02287866471071
2323,346011,4735274,2021,10.8159683169371
2324,356011,4735274,2017,8.84773839167349
2325,366011,4735274,2019,6.9039178309656
2326,376011,4735274,2021,22.9224046445013
2327,386011,4735274,2017,16.8059881410405
2328,396011,4735274,2016,5.87790179805779
2329,406011,4735274,2017,4.19297070088879
2330,416011,4735274,2021,20.2469480733128
2331,426011,4735274,2016,19.0089072701117
2332,436011,4735274,2016,13.3836242989848
2333,446011,4735274,2015,4.838450480973
2334,456011,4735274,2019,13.6598955657642
2335,466011,4735274,2022,22.1653936759497
2336,476011,4735274,2016,21.7566874933263
2337,486011,4735274,2016,12.5383485215736
2338,496011,4735274,2022,17.2203507434841
2339,506011,4735274,2017,14.8036244370947
2340,516011,4735274,2019,16.9657446718791
2341,526011,4735274,2020,10.5469484633435
2342,536011,4735274,2016,14.9841362137637
2343,546011,4735274,2018,21.2657903115848
2344,556011,4735274,2017,18.7701647603745
2345,566011,4735274,2017,8.56281472157666
2346,576011,4735274,2021,6.15001621611194
2347,586011,4735274,2022,6.84839145212796
2348,596011,4735274,2016,22.5171662519381
2349,606011,4735274,2015,11.2501762430165
2350,616011,4735274,2016,9.91428170718125
2351,626011,4735274,2016,9.0637667978059
2352,636011,4735274,2019,19.6243447509319
